会社コード,業種名,和文社名,住所,lat,lon
2660,化学,東レ・デュポン（株）,東京都中央区日本橋本町１－１－１　ＭＥＴＬＩＦＥ日本橋本町ビル,35.6850578,139.7764718
7840,電気機器卸売,（株）フィリップス・ジャパン,東京都港区港南２－１３－３７　フィリップスビル,35.6281599,139.7451647
11530,機械,イートン（株）,東京都港区赤坂８－１１－３７　いちご乃木坂ビル,35.6686445,139.7273141
100823,通信・放送,オレンジ・ジャパン（株）,東京都港区虎ノ門４－３－１　城山トラストタワー３４階,35.6646397,139.7430889
101027,他製造業,メルセン・エフエムエー（株）,東京都新宿区西新宿２－７－１　小田急第一生命ビル１４階,35.6915156,139.6913635
103015,情報・システム・ソフト,エレクトロニック・アーツ（株）,東京都港区虎ノ門４－３－１　城山トラストタワー東京赤坂法律事務所内,35.6646397,139.7430889
103143,他サービス,ウォルト・ディズニー・ジャパン（株）,東京都港区虎ノ門１－２３－１　虎ノ門ヒルズ森タワー,35.6668216,139.7494178
104126,医薬品,東菱薬品工業（株）,東京都千代田区有楽町１－１０－１　有楽町ビル,35.674941,139.7616168
104302,その他卸売,エイピーピー・ジャパン（株）,東京都品川区東五反田２－１０－２　東五反田スクエア１４階,35.6247208,139.7272831
104515,その他卸売,メドトロニックソファモアダネック（株）,東京都港区港南１－２－７０　品川シーズンテラス,35.6324899,139.743003
104523,貸金・信販・カード,ＣＦＪ合同会社,東京都新宿区新宿６－２７－３０　新宿イーストサイドスクエア８階,35.696585,139.7088723
200306,医薬品卸売,ゲルベ・ジャパン（株）,東京都千代田区麹町６－４－６　ＴＳ麹町ＢＬＤＧ．２階,35.6854606,139.7323452
200351,精密機器卸売,カボデンタルシステムズ（株）,東京都品川区北品川４－７－３５　御殿山トラストタワー１５階,35.6221677,139.7370215
200617,鉄鋼・金属卸売,アレゲニー・テクノロジーズ・ジャパン（株）,東京都港区南青山２－２－３　ヒューリック青山外苑東通りビル５階,35.6714265,139.7242502
200993,ガラス・土石卸売,バカラパシフィック（株）,東京都港区虎ノ門１－２－８　虎ノ門琴平タワー２１階,35.6695311,139.7483983
201228,化学,スリーエムジャパンプロダクツ（株）,東京都品川区北品川６－７－２９,35.6237883,139.7338705
202395,精密機器卸売,エイエムオー・ジャパン（株）,東京都千代田区西神田３－５－２,35.6982814,139.7528186
202559,他サービス,イー・エム・シー（株）,東京都中央区日本橋２－１３－１０　日本橋サンライズビル６階,35.6804882,139.7755517
202650,情報・システム・ソフト,ムーディーズ・ジャパン（株）,東京都港区愛宕２－５－１　愛宕グリーンヒルズＭＯＲＩタワー２０階,35.6621409,139.7488929
208103,他金融,タレットプレボン（株）,東京都港区赤坂２－１７－７　赤坂溜池タワー４階,35.6711385,139.7392574
208500,情報・システム・ソフト,（株）ノートンライフロック,東京都港区赤坂１－１２－３２　アーク森ビル１２階,35.6671134,139.740135
208638,情報・システム・ソフト,ＧＥデジタル・ジャパン（株）,東京都港区赤坂５－２－２０　赤坂パークビル,35.6722095,139.7333495
208663,化学,アフトンケミカル・ジャパン（株）,東京都千代田区平河町２－１６－１　平河町森タワー７階,35.6796395,139.7414382
209691,情報・システム・ソフト,ジェネシスクラウドサービス（株）,東京都港区虎ノ門４－１－１　神谷町トラストタワー２３階ＷｅＷｏｒｋ内,35.6650161,139.7454071
209712,情報・システム・ソフト,スタンダード・アンド・プアーズ・インターナショナル・エル・エル・シー（日本支店）,東京都千代田区丸の内１－６－５　丸の内北口ビル２８階,35.683938,139.7668852
209803,その他卸売,（株）フォッシルジャパン,東京都豊島区東池袋３－１－１　サンシャイン６０　１５階,35.7284262,139.7205921
210121,機械卸売,ビデオジェット・エックスライト（株）,東京都江東区青海２－５－１０　テレコムセンタービル西棟６階,35.6170886,139.7800651
220089,銀行,（株）東京スター銀行,東京都港区赤坂２－３－５,35.6713164,139.7416758
220431,コンサルティング,日本タタ・コンサルタンシー・サービシズ（株）,東京都港区芝公園４－１－４,35.6591406,139.7440765
220553,コンサルティング,（株）プラップジャパン,東京都港区赤坂１－１２－３２　アーク森ビル,35.6671134,139.740135
220661,その他卸売,ラルフローレン合同会社,東京都千代田区永田町２－１０－１,35.6748804,139.7412277
220807,精密機器卸売,ノウルズ・エレクトロニクス・ジャパン（株）,東京都世田谷区三軒茶屋２－２－１６　ＹＫビル５階,35.6408055,139.6682885
220832,レジャー・娯楽,ＮＢＣユニバーサル・エンターテイメントジャパン合同会社,東京都港区愛宕２－５－１　愛宕グリーンヒルズＭＯＲＩタワー８階,35.6621409,139.7488929
220945,投信・投資顧問,モーニングスター・アセット・マネジメント（株）,東京都港区六本木１－６－１　泉ガーデンタワー１５階,35.664573,139.7395626
222175,情報・システム・ソフト,日本瑞友テクノロジー（株）,東京都台東区駒形２－４－１１　ヨシクニ駒形ビル５階,35.7062823,139.7946687
222269,食料品卸売,ダニスコジャパン（株）,東京都千代田区永田町２－１１－１　山王パークタワー１０階,35.6731479,139.7406938
224068,情報・システム・ソフト,（株）アマデウス・ジャパン,東京都中央区日本橋２－５－１,35.6814721,139.7738269
224070,コンサルティング,サヴィルズ・ジャパン（株）,東京都千代田区有楽町２－７－１　有楽町イトシア１５階,35.6740999,139.7635067
224072,情報・システム・ソフト,ＶＭｗａｒｅ（株）,東京都港区芝浦３－１－１　田町ステーションタワーＮ１８階,35.6447514,139.7493165
224125,情報・システム・ソフト,ＦＰＴジャパンホールディングス（株）,東京都港区芝公園１－７－６　ＫＤＸ浜松町プレイス６階,35.6579448,139.7523917
224134,化学卸売,神東アクサルタコーティングシステムズ（株）,東京都江東区東陽３－２３－２２　東陽プラザビル５階,35.6697285,139.8141868
224137,情報・システム・ソフト,テックマヒンドラ・リミテッド（日本支店）,東京都港区虎ノ門５－１３－１　虎ノ門４０ＭＴビル６階,35.6633809,139.7457635
224302,その他卸売,（株）ジョージ・マタイ・ジャパン,東京都港区南青山５－４－２９　伊万里南青山ビル２階,35.6621225,139.714765
224327,コンサルティング,ホーガン・ロヴェルズ法律事務所外国法共同事業,東京都千代田区霞が関１－４－２　大同生命霞が関ビル１５階,35.670493,139.7515123
224373,食料品卸売,バリラジャパン（株）,東京都千代田区平河町２－７－３　ＰＭＯ平河町ビル９階,35.6790946,139.7402503
224519,情報・システム・ソフト,ＩＨＳマークイットジャパン合同会社,東京都中央区京橋３－１－１　東京スクエアガーデン１２階,35.6760575,139.768882
224557,電気機器卸売,セムテック・ジャパン合同会社,東京都中央区京橋３－７－５,35.6756561,139.7704542
225044,その他卸売,日本グッドイヤー（株）,東京都港区赤坂１－９－１３　三会堂ビル３階,35.6697898,139.7441678
225057,その他卸売,スリーエムジャパン（株）,東京都品川区北品川６－７－２９,35.6237883,139.7338705
225071,化学,ＤＳＬ．ジャパン（株）,東京都新宿区西新宿２－３－１　新宿モノリス１２階,35.6886159,139.6945675
225072,他サービス,ティーペック（株）,東京都台東区上野５－６－１０　ＨＦ上野ビル,35.7039464,139.7755517
225119,医薬品,パレクセル・インターナショナル（株）,東京都中央区新川１－２１－２　茅場町タワー１３階,35.6770632,139.7858972
360165,貸金・信販・カード,（株）東京スター・ビジネス・ファイナンス,東京都新宿区西新宿２－７－１　小田急第一生命ビル１０階,35.6915156,139.6913635
380006,証券,シティグループ・ジャパン・ホールディングス合同会社,東京都千代田区大手町１－１－１　大手町パークビルディング,35.6866068,139.7628234
381175,電気機器卸売,ｄｔｓ　Ｊａｐａｎ（株）,東京都千代田区丸の内１－８－１　丸の内トラストタワーＮ館１２階,35.6832253,139.7697606
392553,他小売,インビザライン・ジャパン（株）,東京都品川区上大崎３－１－１,35.6335701,139.7162097
392559,コンサルティング,クロール（株）,東京都千代田区内幸町２－２－２　富国生命ビル２２階,35.6705752,139.7553851
392600,損害保険,Ｃｈｕｂｂ少額短期保険（株）,東京都品川区北品川６－７－２９　ガーデンシティ品川御殿山,35.6239862,139.7333701
392642,化学卸売,ロックウッドリチウムジャパン（株）,東京都港区赤坂７－１－１　青山安田ビル１１階,35.6744716,139.7306754
392680,その他卸売,フィッシャー・ジャパン（株）,東京都千代田区九段南３－４－１５　プロンテ九段ビル３階,35.6922513,139.7420303
392706,情報・システム・ソフト,ニュータッチイノベーション（株）,東京都港区芝１－９－３　芝マツラビル４階,35.6514562,139.7550235
392841,旅行,（株）ＨＡＮＡＴＯＵＲ　ＪＡＰＡＮ,東京都新宿区新宿２－３－１５　大橋御苑ビル,35.6889481,139.7083298
402862,情報・システム・ソフト,Ｓａｓｋｅｎ　Ｔｅｃｈｎｏｌｏｇｉｅｓ　Ｌｔｄ．（日本支社）,東京都港区港南２－１５－１　品川インターシティＡ棟２８階,35.627518,139.7420043
402864,情報・システム・ソフト,エスアールエムテクノロジーズプライベートリミテッド（日本支社）,東京都江東区木場２－７－１５　第一びる別館北棟６階,35.6701736,139.8042911
402879,その他卸売,フィスラージャパン（株）,東京都千代田区神田錦町２－２－１　ＫＡＮＤＡ　ＳＱＵＡＲＥ１１階,35.6931252,139.7632042
402880,その他卸売,（株）エコーネス,東京都中央区京橋３－７－５　近鉄京橋スクエア５階,35.675572,139.770437
402949,情報・システム・ソフト,アルデック・ジャパン（株）,東京都品川区東五反田１－７－１１　ＡＩＯＳ五反田アネックス４階,35.6276574,139.7262855
402965,機械卸売,ジョンソンヘルステックジャパン（株）,東京都港区海岸３－９－１５　Ｌｏｏｐ－Ｘビル７階,35.6386114,139.7540359
402977,コンサルティング,チャールス・テイラー・ジャパン（株）,東京都千代田区神田錦町２－１－８　竹橋ビル６階,35.6924506,139.7634709
403012,他小売,インターフォージャパンリミテッド（日本支社）,東京都中央区日本橋人形町１－７－７　笠原ビル６階,35.6849651,139.7825617
403026,情報・システム・ソフト,ノキアソリューションズ＆ネットワークス合同会社,東京都港区六本木６－１０－１　六本木ヒルズ森タワー,35.6607345,139.7292066
403031,情報・システム・ソフト,パロアルトネットワークス（株）,東京都千代田区内幸町２－１－６　日比谷パークフロント１５階,35.6708752,139.7536284
403058,電気機器卸売,日本ラントロニクス（株）,東京都港区虎ノ門４－３－１　城山トラストタワー東京赤坂法律事務所内,35.6646397,139.7430889
403068,食料品卸売,ケミン・ジャパン（株）,東京都千代田区五番町１２　五番町Ｋビル４階,35.6895364,139.7337686
403074,情報・システム・ソフト,クエスト・ソフトウェア（株）,東京都新宿区西新宿６－１０－１　日土地西新宿ビル１３階,35.6946036,139.6907536
403117,情報・システム・ソフト,ＴＳ　ＩＭＡＧＩＮＥ　Ｊａｐａｎ（株）,東京都港区六本木２－２－８　オーキッドプレイス六本木６階,35.6672608,139.7387344
403139,航空,ガルーダ・インドネシア（東京支店）,東京都千代田区丸の内３－３－１　新東京ビル,35.677514,139.7624926
403145,海運,ストルトニールセン・ジャパン（株）,東京都港区芝公園３－１－１３　アーバン芝公園ビル４階,35.6604738,139.7486112
403162,通信・放送,アイピースタージャパン（株）,東京都新宿区西新宿２－７－１　小田急第一生命ビル,35.6915156,139.6913635
403165,他サービス,（株）クリムゾンインタラクティブ・ジャパン,東京都千代田区外神田２－１４－１０　第２電波ビル４階,35.7024481,139.7691397
403169,映像・音楽,Ｄａｇｍｕｓｉｃ（有）,東京都中野区弥生町４－３５－２,35.6889539,139.6705703
403175,他サービス,Ｓｔｒａｋｅｒ　Ｊａｐａｎ（株）,東京都新宿区西新宿１－２６－２　新宿野村ビル３２階,35.6929509,139.6953653
403193,情報・システム・ソフト,ビューロー・ヴァン・ダイク・エレクトロニック・パブリッシング（株）,東京都港区愛宕２－５－１　愛宕グリーンヒルズＭＯＲＩタワー２０階,35.6621409,139.7488929
403196,情報・システム・ソフト,情報テクノロジー（株）,東京都港区虎ノ門５－１３－１　虎ノ門４０ＭＴビル７階,35.6633809,139.7457635
403202,情報・システム・ソフト,エメッセリーコンピューターソリューションズ（株）,東京都中野区東中野３－１９－１３　ビューステージ鈴木２階,35.7088152,139.6802302
403203,情報・システム・ソフト,（株）エヌフォー,東京都渋谷区千駄ケ谷３－１３－２２　第２５宮廷マンション９０１,35.676844,139.7059165
403209,他サービス,Ｐ．Ｊ．　Ｐａｒｋｅｒ（株）,東京都三鷹市井の頭３－１７－２１,35.6935683,139.5806433
403226,他小売,ＡＦＨ　Ｊａｐａｎ合同会社,東京都中央区銀座６－９－１０,35.669641,139.7630316
403229,医薬品,ラボコープ・ディベロップメント・ジャパン（株）,東京都中央区晴海１－８－１１　晴海トリトンスクエアオフィスタワーＹ８階,35.6573718,139.7827814
403236,ホテル,（株）イシン・ホテルズ・グループ,東京都中央区銀座１－２－３,35.675156,139.7679055
403247,精密機器卸売,クックメディカルジャパン合同会社,東京都中野区中野４－１０－１　中野セントラルパークイースト,35.7078871,139.6629152
403262,海運,フェドナヴアジアリミテッド（日本支店）,東京都港区愛宕２－５－１　愛宕グリーンヒルズＭＯＲＩタワー２５階,35.6621409,139.7488929
403264,通信・放送,オービチューン（株）,東京都渋谷区渋谷１－２０－２１,35.6625402,139.7034681
403270,コンサルティング,Ｋｉｎｇ　＆　Ｗｏｏｄ　Ｍａｌｌｅｓｏｎｓ法律事務所（外国法共同事業）,東京都千代田区丸の内３－２－３　丸の内二重橋ビル２１階,35.6777775,139.7615096
403272,コンサルティング,中国専利代理（香港）（有）（東京事務所）,東京都中央区京橋２－７－１４　ビュレックス京橋ビル８１１,35.6768545,139.7713181
403297,食料品卸売,デニッシュクラウン・ジャパン（株）,東京都港区虎ノ門５－１３－１　虎ノ門４０ＭＴビル９階,35.6633809,139.7457635
403298,繊維・衣服卸売,エコー・ジャパン（株）,東京都千代田区永田町２－１０－３　東急キャピトルタワー１３階,35.6739689,139.7407736
403301,広告,ネクスト・インク（株）,東京都港区三田２－１０－５　エルアルカサル三田２０２,35.6507137,139.7445459
403336,精密機器卸売,日本マーチン（株）,東京都文京区西片１－１５－１５,35.7121382,139.7530102
403338,投資業等,アリアンツ・グローバル・インベスターズ・ジャパン（株）,東京都港区六本木１－４－５　アークヒルズサウスタワー１９階,35.6656056,139.7394165
403342,機械卸売,トムラ・ジャパン（株）,東京都中央区八丁堀４－８－２　いちご桜橋ビル２階,35.6744204,139.7762107
403354,電気機器卸売,アルテミデ・ジャパン（株）,東京都渋谷区富ヶ谷１－４１－７　クリサンテ２０１３号室,35.6664994,139.690958
403358,精密機器卸売,日本リマ（株）,東京都品川区東品川２－３－１４,35.6241097,139.7505859
403368,石油・燃料卸売,日伯エタノール（株）,東京都中央区日本橋小舟町６－６　小倉ビル,35.687208,139.7779082
403401,情報・システム・ソフト,キングソフト（株）,東京都港区赤坂４－１５－１　赤坂ガーデンシティ４階,35.6742711,139.7314575
403407,他サービス,イー・エフ・エデュケーション・ファースト・ジャパン（株）,東京都渋谷区渋谷２－１５－１　渋谷クロスタワー２７階,35.6587806,139.705258
403415,電気機器卸売,クリーンエア・スカンジナビア（株）,東京都港区東新橋１－５－２　汐留シティセンター１０階,35.6654972,139.7608806
403422,食料品卸売,マルレ（株）,東京都港区西新橋２－１９－４　喜助西新橋ビル６階,35.6660464,139.7517618
403429,情報・システム・ソフト,エフティーエスイー・ジャパン・リミテッド（東京オフィス）,東京都千代田区大手町１－５－１　大手町ファーストスクエアイーストタワー１１階,35.6857768,139.7640245
403441,食料品,（株）ウィスク・イー,東京都千代田区神田和泉町１－８－１１　４階,35.699607,139.7773678
403468,投資業等,シーヴィーシー・アジア・パシフィック・ジャパン（株）,東京都千代田区霞が関３－２－５　霞が関ビル３２階,35.671183,139.7472406
410008,他サービス,（株）ウィリアムズ・リー・ジャパン,東京都品川区北品川４－７－３５　御殿山トラストタワー３階,35.6221677,139.7370215
410051,情報・システム・ソフト,（株）イーエムネットジャパン,東京都新宿区西新宿６－１０－１　日土地西新宿ビル,35.6946036,139.6907536
410054,情報・システム・ソフト,シーガルサイエンティフィックアジアパシフィック（株）（日本支社）,東京都中央区日本橋小伝馬町７－１０,35.6922109,139.7786732
410062,コンサルティング,ジャパン　インターカルチュラル　コンサルティング（日本支店）,東京都港区海岸１－２－３　汐留芝離宮ビル２１階,35.6572058,139.758637
410072,他サービス,プロハント（株）,東京都港区芝浦３－１－１　田町ステーションタワーＮ３０階,35.6447514,139.7493165
410073,電気機器卸売,ルートロンアスカ（株）,東京都港区赤坂２－２－１９　アドレスビル５階,35.6718472,139.7420111
410075,精密機器卸売,マシモジャパン（株）,東京都新宿区北新宿２－２１－１　新宿フロントタワー２４階,35.6960654,139.6893826
410095,精密機器卸売,アイデンティブ（株）,東京都港区芝４－３－２三田富洋６０８,35.6490944,139.7503944
410097,精密機器,エドモンド・オプティクス・ジャパン（株）,東京都文京区本駒込２－２９－２４　パシフィックスクエア千石４階,35.7286623,139.7445659
410122,不動産,ＥＳＲ（株）,東京都港区虎ノ門４－１－１７　神谷町プライムプレイスビル３階,35.6650759,139.7440868
410128,機械卸売,ＢＮＬジャパン（株）,東京都中央区日本橋箱崎町８－１　ヤマタネ箱崎ビル７階,35.678844,139.7850583
410133,電気機器卸売,フリアーシステムズジャパン（株）,東京都品川区上大崎２－１３－１７　目黒東急ビル５階,35.6351186,139.718504
410136,情報・システム・ソフト,エフアイエス・ジャパン（株）,東京都千代田区大手町１－３－１　ＪＡビル１２階,35.6887292,139.7627321
410146,他サービス,ベリシリコン（株）,東京都港区港南１－９－３６　アレア品川１３階,35.6300683,139.7413325
410151,他製造業,（株）本間ゴルフ,東京都港区六本木６－１０－１　六本木ヒルズ森タワー３５階,35.6607345,139.7292066
410188,情報・システム・ソフト,サイトコア（株）,東京都港区南青山２－１１－１６　ＭＥＴＬＩＦＥ青山ビル３階,35.671369,139.7213424
410193,投資業等,（株）ＫＫＲジャパン,東京都千代田区丸の内２－１－１　明治安田生命ビル１１階,35.6791077,139.7621731
410199,医薬品,スキャンポファーマ合同会社,東京都千代田区大手町２－６－４　常盤橋タワー９階,35.6844018,139.7704367
410200,他サービス,ペリージョンソンラボラトリーアクレディテーションインク（日本支社）,東京都渋谷区広尾１－１－３９　恵比寿プライムスクエアタワー９階,35.650109,139.7125988
410203,情報・システム・ソフト,イーロックジャパン（株）,東京都渋谷区神宮前２－１３－１８　木村ビル２階,35.6750606,139.7121799
410204,情報・システム・ソフト,ＡＤＬＩＮＫジャパン（株）,東京都千代田区神田鍛冶町３－７－４　ＫＤＸ神田駅前ビル４階,35.6931919,139.7704195
410208,情報・システム・ソフト,Ｍｏｎｏｔｙｐｅ（株）,東京都千代田区五番町１－９　ＭＧ市ヶ谷ビル５階,35.6908088,139.7364029
410225,情報・システム・ソフト,日本ニューメリカルアルゴリズムズグループ（株）,東京都中央区八丁堀４－９－９　八丁堀フロンティアビル２階,35.6742307,139.7776215
410234,他サービス,ＣＣＩＣ・ＪＡＰＡＮ（株）,東京都中央区日本橋茅場町２－７－１　ＣＣＩＣビル,35.679694,139.779225
410237,情報・システム・ソフト,Ｒｅｋｏｏ　Ｊａｐａｎ（株）,東京都渋谷区南平台町６－１１,35.6543031,139.6976571
410239,情報・システム・ソフト,アクロニス・ジャパン（株）,東京都港区六本木６－１０－１　六本木ヒルズ森タワー３７階,35.6607345,139.7292066
410240,輸送用機器卸売,マセラティジャパン（株）,東京都港区芝５－３６－７　三田ベルジュビル,35.6448154,139.7448458
410243,情報・システム・ソフト,アクロリンクス（株）,東京都渋谷区恵比寿４－２０－３　恵比寿ガーデンプレイスタワー１８階,35.6422106,139.7134456
410255,情報・システム・ソフト,日本ファインアート（株）,東京都新宿区西新宿６－１６－６　新宿タツミビル１０階,35.6917166,139.6877474
410256,情報・システム・ソフト,トラベルポート・サービセズ・リミテッド（日本支社）,東京都品川区大崎１－１１－２　ゲートシティ大崎イーストタワー２３階,35.6186335,139.7319993
410268,他製造業,ＤＲＥＡＭ　ＩＮＴＥＲＮＡＴＩＯＮＡＬ　ＬＩＭＩＴＥＤ（日本支社）,東京都中央区湊２－２－８　ＣＫビル６階,35.6716541,139.7782519
410269,化学卸売,ハンファトタルジュシクフェサ（日本支店）,東京都港区虎ノ門４－２－１２　虎ノ門４丁目ＭＴビル２号館９階,35.6641737,139.7456066
410289,情報・システム・ソフト,オートフォームジャパン（株）,東京都港区東新橋２－３－１７　ＭＯＭＥＮＴＯ　ＳＨＩＯＤＯＭＥ　３階,35.6621933,139.7581002
410297,コンサルティング,ハンドジャパン（株）,東京都中央区京橋１－２－５　京橋ＴＤビル７階,35.6788546,139.770759
410307,機械卸売,エックスアロイジャパン（株）,東京都品川区勝島１－５－２１　勝島２０号倉庫２階,35.5960853,139.7460912
410309,他サービス,（株）Ｃ＆Ｃプリンティングジャパン,東京都中央区銀座７－１７－１８　ジュエルビル銀座３階,35.6666015,139.766095
410310,映像・音楽,Ｄｏｌｂｙ　Ｊａｐａｎ（株）,東京都中央区築地１－１３－１４　ＮＢＦ東銀座スクエア３階,35.6678195,139.7697207
410326,情報・システム・ソフト,日本ティーマックスソフト（株）,東京都港区芝４－１３－４　田町第１６藤島ビル４階,35.6477962,139.7499753
410338,繊維・衣服卸売,（株）モンクレールジャパン,東京都港区北青山３－６－７　青山パラシオタワー９階,35.6653755,139.7113221
410351,精密機器卸売,シュンク・ジャパン（株）,東京都品川区南品川２－２－１３　南品川ＪＮビル１階,35.6130591,139.7419852
410352,情報・システム・ソフト,クリックテック・ジャパン（株）,東京都港区六本木１－６－１　泉ガーデンタワー１０階,35.664573,139.7395626
410370,他サービス,インターテックジャパン（株）,東京都港区海岸３－１８－１,35.6447287,139.756577
410375,旅行,（株）ＫＯＮＩ　ＣＯＭＭＵＮＩＣＡＴＩＯＮＳ,東京都千代田区神田美土代町１１－７　神田美土代ビル２階,35.6939887,139.7662562
410377,情報・システム・ソフト,（株）ＥｎｇｌｉｓｈＣｅｎｔｒａｌ,東京都台東区花川戸１－２－６,35.7112613,139.7984153
410378,電気機器卸売,トリナ・ソーラー・ジャパン（株）,東京都港区六本木３－２－１　住友不動産六本木グランドタワー３２階,35.6646782,139.7378198
410390,他サービス,シェルジャパン（株）,東京都千代田区丸の内１－１１－１　パシフィックセンチュリープレイス丸の内１２階,35.6780553,139.7668852
410429,精密機器卸売,スミス・アンド・ネフュー（株）,東京都港区芝公園２－４－１　芝パークビルＡ館３階,35.6556229,139.7522709
420008,情報・システム・ソフト,ＮＨＮ　テコラス（株）,東京都港区虎ノ門１－２３－１　虎ノ門ヒルズ森タワー２２階,35.6668216,139.7494178
420013,情報・システム・ソフト,インフォマティカ・ジャパン（株）,東京都港区愛宕２－５－１　愛宕グリーンヒルズＭＯＲＩタワー２６階,35.6621409,139.7488929
420028,精密機器,ＮＳＦＯＣＵＳジャパン（株）,東京都千代田区大手町１－５－１　大手町ファーストスクエアイーストタワー４階,35.6857768,139.7640245
420030,精密機器卸売,リシャールミルジャパン（株）,東京都千代田区霞が関３－２－１,35.6717955,139.7479434
420033,電気機器卸売,ＴＤ　ＳＹＮＮＥＸ（株）,東京都江東区東陽６－３－１　東京イースト２１ビジネスセンター２階,35.6751759,139.8143296
420037,証券,ウェルズ・ファーゴ証券（株）,東京都千代田区丸の内１－８－３　丸の内トラストタワー本館２４階,35.6823799,139.7694411
420039,証券,ジャパンネクスト証券（株）,東京都港区六本木３－１－１　六本木ティーキューブ２０階,35.6654442,139.7382988
420044,投信・投資顧問,ノーザン・トラスト・グローバル・インベストメンツ（株）,東京都港区六本木１－９－１０　アークヒルズ仙石山森タワー,35.6636616,139.7417629
420048,コンサルティング,エマーゴ・ジャパン・コンサルティング（株）,東京都千代田区丸の内１－８－３　丸の内トラストタワー本館６階（（株）ＵＬ　Ｊａｐａｎ内）,35.6823799,139.7694411
420050,他金融,タレットプレボンＥＴＰ（株）,東京都港区赤坂２－１７－７　赤坂溜池タワー４階,35.6711385,139.7392574
420054,化学卸売,オーピーアイジャパン（株）,東京都新宿区西新宿３－２０－２　東京オペラシティタワー２７階,35.682955,139.6867214
420059,航空,アエロメヒコ航空（日本支社）（登記社名　ＡＥＲＯＶＩＡＳ　ＤＥ　Ｍｅｘｉｃｏ，Ｓ．Ａ　ｄｅ　Ｃ．Ｖ．）,東京都千代田区,35.6940309,139.7537719
420072,医薬品,レオ　ファーマ（株）,東京都千代田区神田神保町１－１０５　神保町三井ビルディング９階,35.6942485,139.7605759
420075,その他卸売,三能ジャパン食品器具（株）,東京都千代田区麹町３－５－２　ビュレックス麹町５０２,35.683405,139.7388177
420079,コンサルティング,アシャースト法律事務所・外国法共同事業（登記社名　Ａｓｈｕｒｓｔ　ＬＬＰ）,東京都港区虎ノ門４－３－１　城山トラストタワー３０階,35.6646397,139.7430889
420080,コンサルティング,フレッシュフィールズブルックハウスデリンガー法律事務所（外国法共同事業）,東京都港区赤坂５－３－１　赤坂Ｂｉｚタワー３６階,35.673175,139.7363593
420086,医薬品,ヴィーブヘルスケア（株）,東京都港区赤坂１－８－１　赤坂インターシティＡＩＲ,35.6697533,139.7431185
420087,他金融,ＣＭＥ　ＧＲＯＵＰ　ＪＡＰＡＮ（株）,東京都千代田区霞が関３－２－５　霞が関ビルディング６階６２２号室,35.671183,139.7472406
420098,証券,フィリップ証券（株）,東京都中央区日本橋兜町４－２,35.6824266,139.778115
420106,証券,モルガン・スタンレー・ホールディングス（株）,東京都千代田区大手町１－９－７　大手町フィナンシャルシティ　サウスタワー,35.687589,139.765773
420113,輸送用機器卸売,スカニアジャパン（株）,東京都港区芝４－４－２０　グーゴルプレックス・ミレニアムビル７階,35.6482234,139.7491169
420120,情報・システム・ソフト,Ｖｅｅｖａ　Ｊａｐａｎ（株）,東京都渋谷区恵比寿１－１９－１９　恵比寿ビジネスタワー５階,35.6475266,139.7125988
420131,他サービス,インパラ・プラチナム・ジャパン（株）,東京都千代田区内幸町１－３－３　内幸町ダイビル７０２,35.6693995,139.7569121
420132,機械卸売,Ｕｐｓｏｌａｒ　Ｊａｐａｎ（株）,東京都千代田区神田神保町１－１３　Ｃｏｎｖｅｘ神保町１０階,35.6964516,139.7597872
420133,電気機器卸売,ＡＩＴジャパン（株）,東京都品川区北品川３－６－６　品川御殿山ビル８階,35.6202697,139.7397567
420142,電気機器卸売,ハーマンインターナショナル（株）,東京都千代田区神田練塀町３００　住友不動産秋葉原駅前ビル１４階,35.6998224,139.7747035
420145,電気機器卸売,ＡＡＣ　Ｔｅｃｈｎｏｌｏｇｉｅｓ　ＰＴＥ．ＬＴＤ．（東京支店）,東京都中央区日本橋小伝馬町１６－６　香取ビル４階,35.6922069,139.7796857
420159,他金融,（株）ゴードン・ブラザーズ・ジャパン,東京都千代田区大手町１－６－１　大手町ビル３階,35.6864055,139.7648086
420163,情報・システム・ソフト,セレゴ・ジャパン（株）,東京都渋谷区渋谷３－２６－１６　第５叶ビル,35.6541654,139.7055971
420190,電力・ガス,ビーシーピージージャパン（株）,東京都港区赤坂１－１１－４４　赤坂インターシティ６階,35.6688986,139.7425432
430001,他サービス,Ｖｉｄｙｏ　Ｊａｐａｎ（株）,東京都中央区京橋２－７－１４　Ｂｕｒｅｘ京橋８階,35.6768545,139.7713181
430002,化学卸売,パネルジャパン（株）,東京都千代田区麹町１－３－２３　麹町１丁目３番地ビル７０１号室,35.683905,139.7418514
430004,食料品卸売,（株）ＧｏｌｄｅｎＢｉｏｔｅｃｈｎｏｌｏｇｙ　Ｊａｐａｎ,東京都中央区日本橋蛎殻町２－１３－３　日本橋梶原ビル３階,35.6842844,139.7858772
430005,他製造業,スパルジャパン（株）,東京都品川区東五反田１－５－４,35.6270093,139.7264608
430007,医薬品,ワクチノーバ（株）,東京都港区浜松町１－２４－８　オリックス浜松町ビル４階,35.657292,139.7567027
430008,他製造業,Ａｎｄｒｅｕ　Ｗｏｒｌｄ　Ｐａｃｉｆｉｃ（株）,東京都港区南青山２－１９－６　Ｒａｔｉｏ南青山,35.6699834,139.7199405
430019,鉱業,クライマックス　モリブデン　アジアコーポレーション（日本事務所）,東京都千代田区丸の内１－８－１　丸の内トラストタワーＮ館１７階,35.6832253,139.7697606
430023,他サービス,ＫＰＭＧジャパン（本部）,東京都新宿区津久戸町１－２　あずさセンタービル,35.7023905,139.7414522
430024,人材派遣・業務請負,Ａｌｌｅｇｉｓ　Ｇｒｏｕｐ　Ｊａｐａｎ（株）,東京都港区赤坂２－１４－３２　赤坂２．１４プラザビル２階,35.6725321,139.7374606
430025,他サービス,ＶｅｇａＰｒｏｊｅｃｔ（株）,東京都中央区日本橋本町１－２－６　日本橋本町スクエア５階,35.68558,139.7764379
430026,電気機器卸売,Ａｎｉｘｔｅｒ　Ｊａｐａｎ（株）,東京都港区赤坂４－７－１５　赤坂丹後ビル６階,35.6754294,139.7339977
430036,コンサルティング,Ｋ＆Ｌ　Ｇａｔｅｓ外国法共同事業法律事務所,東京都港区虎ノ門１－２３－１　虎ノ門ヒルズ森タワー２８階,35.6668216,139.7494178
430044,他製造業,テラリコン・インコーポレイテッド（日本支店）,東京都文京区湯島２－３１－２２　湯島アーバンビル６階,35.7071327,139.7659667
430045,情報・システム・ソフト,オレンジビジネスサービスジャパン（株）,東京都港区虎ノ門４－３－１　城山トラストタワー３４階,35.6646397,139.7430889
430046,コンサルティング,Ｌ．Ｅ．Ｋ．コンサルティング（株）,東京都港区虎ノ門４－３－１　城山トラストタワー２８階,35.6646397,139.7430889
430047,人材派遣・業務請負,Ｍａｊｏｒ，Ｌｉｎｄｓｅｙ＆Ａｆｒｉｃａ－Ｊａｐａｎ合同会社,東京都港区虎ノ門４－２－１２　虎ノ門４丁目ＭＴビル２号館９階,35.6641737,139.7456066
430050,貨物運送,ナショナル・エアカーゴ・ジャパン（株）,東京都港区港南２－１６－１　品川イーストワンタワー４階,35.627763,139.7407736
430053,不動産,ペンブローク・リアルエステート・ジャパン，エルエルシー（日本支社）,東京都港区六本木７－７－７　Ｔｒｉ－Ｓｅｖｅｎ　Ｒｏｐｐｏｎｇｉ６階,35.6649716,139.7291616
430055,投信・投資顧問,パトナム・インベストメンツ・ジャパン（株）,東京都港区虎ノ門４－３－２０　神谷町ＭＴビル,35.6634944,139.744526
430056,コンサルティング,シャーマン　アンド　スターリング外国法事務弁護士事務所（東京事務所）,東京都千代田区内幸町２－２－２　富国生命ビル９階,35.6705752,139.7553851
430060,輸送機器,リナマージャパン（株）,東京都新宿区四谷坂町９－９　三廣ビル８階,35.6909656,139.7285538
430062,貨物運送,ドイグロジャパン（株）,東京都港区港南２－４－１３　スターゼン品川ビル１０階,35.6285134,139.7441667
430063,化学卸売,アンブリオリス・ジャパン（株）,東京都渋谷区神南１－１５－３　神南プラザビル,35.6635532,139.6995535
430069,食料品,ペーアッシュパリジャポン（株）（登記社名　ＰＨ　ＰＡＲＩＳ　ＪＡＰＯＮ（株））,東京都港区北青山３－１０－１８　北青山本田ビル２階,35.663903,139.7102448
430071,他小売,ロンシャン・ジャパン（株）,東京都渋谷区神宮前４－３０－４　エムズクロス表参道３階,35.6695226,139.7083897
430073,他サービス,ＤＩＡＭ　ＪＡＰＡＮ（株）,東京都新宿区西新宿５－１１－３　黒須ビル１階,35.6919887,139.6859727
430075,専門店,メゾン・ド・ヴェルディ（株）,東京都目黒区自由が丘１－８－９　岡田ビル１～２階,35.6067864,139.6687669
430077,機械卸売,ＦＩＶＥＳ（日本支社）,東京都港区虎ノ門１－１６－４　アーバン虎ノ門ビル５階,35.6684419,139.7489944
430078,他サービス,アリアンスペース社　東京事務所,東京都千代田区霞が関３－２－５　霞が関ビル３１階,35.671183,139.7472406
430086,人材派遣・業務請負,ターディス・グループ・ジャパン（株）,東京都中央区京橋２－２－１　京橋エドグラン２６階,35.6773686,139.7694908
430094,その他卸売,Ｆｏｒｂｏ　Ｆｌｏｏｒｉｎｇ　Ｂ．Ｖ．（日本支店）,東京都品川区大崎５－１０－１０　大崎ＣＮビル４階,35.62139,139.726046
430101,その他卸売,ＵＳＭ　Ｕ．シェアラー・ソンズ（株）,東京都千代田区丸の内２－１－１　丸の内ＭＹ　ＰＬＡＺＡ　１・２階,35.6793825,139.7620533
430106,情報・システム・ソフト,ニューコン（株）,東京都荒川区東日暮里５－４１－１２　日暮里コミュニティビル,35.7267738,139.7741334
430113,その他卸売,（有）ガットマンジャパン,東京都中野区若宮１－４３－１６－２０２,35.7189706,139.6471917
430114,他サービス,ＴＶＴジャパン（株）,東京都品川区上大崎４－５－３７　本多電機ビル１階,35.6285128,139.7156311
430121,倉庫・物流関連,ＨＡＶＩサプライチェーン・ソリューションズ・ジャパン合同会社,東京都中野区本町２－４６－１　中野坂上サンブライトツインビル,35.6966853,139.6821491
430123,人材派遣・業務請負,ＰｅｏｐｌｅＳｅａｒｃｈ（株）,東京都千代田区内幸町１－１－１　帝国ホテルタワー１２階Ｂ６,35.6719343,139.7589986
430125,旅行,Ｂｏｏｋｉｎｇ．ｃｏｍ　Ｊａｐａｎ（株）,東京都港区北青山３－６－１　Ｏａｋ　Ｏｍｏｔｅｓａｎｄｏ５階,35.6656909,139.7105702
430126,情報・システム・ソフト,（株）データダイレクト・ネットワークス・ジャパン,東京都千代田区四番町６－２　東急番町ビル８階,35.6892357,139.7357443
430127,レジャー・娯楽,マーリン・エンターテイメンツ・ジャパン（株）,東京都港区台場１－６－１　デックス東京ビーチ　アイランドモール６階,35.6290584,139.7759965
430128,機械卸売,ホットスタート・アジア・パシフィック合同会社,東京都文京区本駒込２－２７－１５　イントランス本駒込ビル４階,35.7306454,139.7505342
430130,投信・投資顧問,ＯＡＮＤＡ証券（株）,東京都千代田区麹町３－６　住友不動産麹町ビル３号館４階,35.6846358,139.7385029
430131,倉庫・物流関連,（株）アーヴァート・デジタル・サービス・ジャパン,東京都江東区辰巳３－１２－２０　絹川屋運送株式会社内３階,35.6431806,139.8176708
430134,広告,ＳＧＫジャパン（登記社名　（株）シャーク・ジャパン）,東京都品川区上大崎２－２４－９　アイケイビルディング４階,35.6354246,139.7139442
430136,情報・システム・ソフト,ＴｏｐＴｅｃｈ　Ｉｎｆｏｒｍａｔｉｃｓ（株）,東京都千代田区西神田２－５－８　共和壱五番館８階,35.6990234,139.7539278
430137,飲食・外食,ウェンディーズ・ジャパン（株）,東京都新宿区四谷４－３４－１　新宿御苑前アネックスビル５階,35.6902514,139.714872
430146,その他卸売,オラフォルジャパン（株）,東京都千代田区内神田２－１６－１１　内神田渋谷ビル,35.6923226,139.7689219
430150,他サービス,（株）Ｇｅｒｓｏｎ　Ｌｅｈｒｍａｎ　Ｇｒｏｕｐ,東京都港区愛宕２－５－１　愛宕グリーンヒルズＭＯＲＩタワー２６階,35.6621409,139.7488929
430152,化学卸売,（株）ＣＭＴ日本,東京都千代田区神田神保町１－２３　神田近江屋ビル５階,35.695036,139.760981
430157,その他卸売,レイコップ・ジャパン（株）,東京都港区虎ノ門３－２２－１　虎ノ門桜ビル３階,35.6615435,139.7481588
430158,化学卸売,（株）ＯＴＣ（日本支社）,東京都墨田区錦糸１－２－１　アルカセントラル１４階,35.6973487,139.8114691
430159,情報・システム・ソフト,ＰＩＡＮＯ　Ｊａｐａｎ（株）,東京都渋谷区神宮前１－１４－３４　原宿神宮の森ビル２階,35.6709968,139.7030439
430163,電気機器,ティ・ディ・パワーシステムズ・リミテッド（日本支社）,東京都品川区北品川３－３－３　東和ビル４階,35.6217576,139.7387778
430170,他サービス,（株）Ｂｉｇ　Ｂｒｉｄｇｅ　Ｉｎｔｅｒｎａｔｉｏｎａｌ（日本支社）,東京都渋谷区千駄ヶ谷１－１３－１１　ＣＨＡＲＩ千駄ヶ谷３階－３,35.6771714,139.7119006
430172,他サービス,ＳＡＩグローバルジャパン（株）,東京都港区芝２－２８－１１　芝ＭＫビル８階,35.649843,139.7530829
430182,食料品卸売,レッドブル・ジャパン（株）,東京都渋谷区渋谷１－３－３　ヒューリック青山第２ビル,35.6620475,139.7063363
430184,投資業等,ストーンエックスフィナンシャル（株）,東京都中央区日本橋室町４－４－１０　東短室町ビル３階,35.6890342,139.773303
430187,電気機器卸売,アクア（株）,東京都中央区日本橋堀留町１－１１－１２　ＪＰＲ日本橋堀留ビル３階,35.6890955,139.7793062
430188,他サービス,Ｅｕｒｏｍｏｎｉｔｏｒ　Ｉｎｔｅｒｎａｔｉｏｎａｌ　Ｌｉｍｉｔｅｄ（日本支店）,東京都港区虎ノ門４－３－１　城山トラストタワー３６階,35.6646397,139.7430889
430189,旅行,ベックストラベルジャパン（株）,東京都港区虎ノ門４－１－１　神谷町トラストタワー２４階,35.6650161,139.7454071
430190,旅行,マカオ航空　日本支社（登記社名　ＡＩＲ　ＭＡＣＡＵ　Ｃｏｍｐａｎｙ　Ｌｔｄ．）,東京都港区虎ノ門２－４－１　虎ノ門ピアザビル９階,35.6688842,139.7476797
430192,旅行,アンフィトリオン・ジャパン（株）,東京都中央区京橋１－６－６　ハラダビル４階,35.6776785,139.7718972
430193,情報・システム・ソフト,ＣＲＩＴＥＯ（株）,東京都渋谷区恵比寿４－２０－３　恵比寿ガーデンプレイスタワー２６階,35.6422106,139.7134456
430194,新聞・出版,（株）日経ナショナルジオグラフィック,東京都港区虎ノ門４－３－１２,35.663985,139.743386
430197,電気機器卸売,中日電熱（株）,東京都港区芝公園１－６－７　住友不動産ランドマークプラザ８階,35.6584113,139.7522909
430199,ホテル,ザ・リーディングホテルズ・オブ・ザ・ワールド（日本支社）,東京都目黒区下目黒１－３－２７　アセンド目黒２階,35.6343123,139.7127777
430200,情報・システム・ソフト,Ｆｏｒｅｘｗａｒｅ　Ｊａｐａｎ（株）,東京都港区白金台５－８－７　５０７号室,35.641289,139.7207343
430205,電気機器,ネオフォトニクス・セミコンダクタ合同会社,東京都八王子市東浅川町５５０－１０,35.6434382,139.2913859
430211,他サービス,（株）ＩＥ　ＪＡＰＡＮ,東京都千代田区神田須田町２－２３－１　天翔秋葉原万世橋ビル３階３０８号,35.6968623,139.7713046
430212,電気機器卸売,ソニックステクノロジー（株）,東京都千代田区九段南４－８－２７　小林ビル２階,35.6914042,139.7378322
430214,倉庫・物流関連,ゲブルダーバイス（株）,東京都中央区新川１－１７－２５　東茅場町有楽ビル６階,35.6785306,139.7833806
430216,食料品卸売,（株）ラクトサンサノボジャパン,東京都杉並区高円寺北３－２－１　プチフォンテーヌ,35.7055634,139.6482972
430219,その他卸売,モトローラ・モビリティ・ジャパン合同会社,東京都千代田区外神田４－１４－１　秋葉原ＵＤＸ,35.7006943,139.7726237
430228,情報・システム・ソフト,（株）Ｉｍｐｅｒｖａ　Ｊａｐａｎ,東京都中央区京橋２－７－１４　ビュレックス京橋,35.6768545,139.7713181
430229,情報・システム・ソフト,ネットギアジャパン合同会社,東京都中央区京橋３－７－５　近鉄京橋スクエア８階,35.675572,139.770437
430230,情報・システム・ソフト,（株）サブゲート,東京都千代田区外神田２－５－１５　外神田Ｋビル４階,35.7000136,139.7688233
430235,情報・システム・ソフト,エムファシス・コーポレイション（日本支社）,東京都中央区日本橋兜町５－１　兜町第１平和ビル３階,35.6822344,139.7783875
430239,コンサルティング,オリバーワイマングループ（株）,東京都港区赤坂９－７－１　ミッドタウン・タワー１６階,35.6662186,139.7303961
430242,倉庫・物流関連,ヘルマンワールドワイドロジスティックス（株）,東京都千代田区岩本町１－１１－２　神田風源ビル５階,35.6927851,139.7786671
430246,他サービス,ＣＡＡ－ＧＢＧ（日本支社）（登記社名　ＣＡＡ－ＧＢＧインターナショナル・リミテッド）,東京都目黒区下目黒１－８－１　目黒アルコタワー７階,35.6316957,139.7132982
430250,他金融,Ｍａｓｔｅｒｃａｒｄ　Ｐｒｅｐａｉｄ　Ｍａｎａｇｅｍｅｎｔ　Ｓｅｒｖｉｃｅｓ　Ｊａｐａｎ（株）,東京都渋谷区桜丘町２６－１　セルリアンタワー１６階,35.6564093,139.6993541
430252,他サービス,Ｐｅｇａｓｕｓ　Ｓｏｌｕｔｉｏｎｓ　Ｊａｐａｎ合同会社,東京都中央区日本橋室町４－３－９,35.6894282,139.7721223
430254,他サービス,Ｇｕｉｎｎｅｓｓ　Ｗｏｒｌｄ　Ｒｅｃｏｒｄｓ　Ｊａｐａｎ（株）,東京都渋谷区神宮前２－４－１２,35.6729246,139.7128741
430255,その他卸売,日本ゲッツナー（株）,東京都中央区日本橋大伝馬町６－８　ＰＭＯ日本橋大伝馬町７階,35.6895977,139.7791688
430256,コンサルティング,フロスト・アンド・サリバン・ジャパン（株）,東京都港区赤坂５－２－２０　赤坂パークビル２３階,35.6722095,139.7333495
430257,新聞・出版,（株）ハースト婦人画報社,東京都港区南青山３－８－３８　南青山東急ビル５階,35.6671881,139.7150326
430258,情報・システム・ソフト,Ｃｌｏｕｄｅｒａ（株）,東京都中央区京橋２－２－１　京橋エドグラン２６階,35.6773686,139.7694908
430262,電気機器卸売,（株）ストラタシス・ジャパン,東京都中央区新川１－１６－３　住友不動産茅場町ビル３階,35.6775426,139.78378
430268,医薬品,ホロジックジャパン（株）,東京都文京区後楽１－４－２５　日教販ビル,35.7035558,139.7481987
430272,他サービス,サーモフィッシャーダイアグノスティックス（株）,東京都港区芝浦４－２－８　住友不動産三田ツインビル東館４階,35.6427313,139.7447256
430273,コンサルティング,ＡＥＣＯＭ　Ｊａｐａｎ（株）,東京都新宿区西新宿１－２６－２　新宿野村ビル３２階,35.6929509,139.6953653
430274,情報・システム・ソフト,日本エクセム（株）,東京都千代田区神田錦町３－７　東京堂錦町ビル４階,35.6918169,139.7595142
430277,レジャー・娯楽,（株）ＷｅＭａｄｅ　Ｏｎｌｉｎｅ,東京都千代田区内神田１－４－１　大手町２１ビル２階,35.6899835,139.7655474
430279,情報・システム・ソフト,ディーエッジジャパン（株）,東京都渋谷区桜丘町２６－１　セルリアンタワー１５階,35.6564093,139.6993541
430281,ホテル,パシフィックセンチュリーホテル（株）,東京都千代田区丸の内１－１１－１　パシフィックセンチュリープレイス丸の内,35.6779865,139.7669297
430282,情報・システム・ソフト,エンタープライズＤＢ（株）,東京都新宿区西早稲田１－２２－３　早稲田大学インキュベーションセンター,35.7087334,139.7196485
430286,その他卸売,シスレージャパン（株）,東京都港区北青山２－１２－１６　北青山吉川ビル８階,35.6703147,139.7163892
430289,電力・ガス,Ｓｋｙ　Ｓｏｌａｒ　Ｊａｐａｎ（株）,東京都港区東新橋１－５－２　汐留シティセンター８階,35.6654972,139.7608806
430292,情報・システム・ソフト,Ｖｏｂｉｌｅ　Ｊａｐａｎ（株）,東京都渋谷区渋谷１－１２－２　クロスオフィス渋谷３０３号室,35.6603536,139.7034313
430293,電気機器,ＪＳＢ　ＴＥＣＨ　ＰＴＥ．　ＬＴＤ．（日本支店）,東京都千代田区二番町１　番町ハイム６３３号室,35.6864476,139.738116
430294,化学卸売,イルミナ（株）,東京都港区芝５－３６－７　三田ベルジュビル２２階,35.6450424,139.7453443
430296,電気機器卸売,ＳＭＡジャパン（株）,東京都港区芝３－２３－１　セレスティン芝三井ビル８階,35.6512574,139.7488573
430298,繊維・衣服卸売,（株）スタッフインターナショナルジャパン,東京都渋谷区恵比寿南１－１５－１　Ａ－ＰＬＡＣＥ恵比寿南ビル２階,35.6448313,139.7093124
430300,コンサルティング,長城コンサルティング（株）,東京都文京区本郷６－２６－１　トーカンキャステール本郷２０１,35.714943,139.7586193
430302,情報・システム・ソフト,ＩｎＭｏｂｉ　Ｊａｐａｎ（株）,東京都千代田区平河町１－６－４　Ｈ１Ｏ平河町９階,35.6823874,139.7402352
430307,情報・システム・ソフト,マスターコントロール（株）,東京都港区赤坂１－１２－３２　アーク森ビル２２階,35.6671134,139.740135
430310,電気機器,アドバンテック（株）,東京都台東区浅草６－１６－３,35.7165025,139.7999768
430311,情報・システム・ソフト,キリバ・ジャパン（株）,東京都港区虎ノ門４－１－１　神谷町トラストタワー２３階,35.6650161,139.7454071
430322,他サービス,ＷＰＰマーケティング・コミュニケーションズ合同会社,東京都渋谷区恵比寿２－３６－１３　広尾ＭＴＲビル　Ｂ１階,35.6457381,139.72254
430329,情報・システム・ソフト,日本ライフレイ（株）,東京都渋谷区恵比寿西１－２６－７　ファブールエビス１階,35.6473637,139.7057167
430332,他サービス,Ａｌｐｈａ　ＣＲＣ（日本支社）（登記社名　Ａｌｐｈａ　Ｃａｌｌｉｇｒａｐｈｉｃ　Ｒｅｓｅａｒｃｈ　Ｃａｍｂｒｉｄｇｅ　Ｌｔｄ．）,東京都新宿区新宿１－１９－３　エルスタンザ新宿御苑３階,35.6895455,139.7125389
430337,食料品,（株）Ｂｒａｈｉｍ’ｓ　Ｆｏｏｄ　Ｊａｐａｎ,東京都大田区大森北６－３１－５,35.580051,139.7354654
430338,情報・システム・ソフト,シュレーディンガー（株）,東京都千代田区丸の内１－８－１　丸の内トラストタワーＮ館１３階,35.6832253,139.7697606
430342,機械卸売,シールドエアージャパン合同会社,東京都中央区日本橋小伝馬町１－７　スクエア日本橋,35.6901296,139.7779482
430346,他サービス,イプソス（株）,東京都港区虎ノ門４－３－１３　ヒューリック神谷町ビル６・８階,35.6637327,139.7440469
430349,電気機器卸売,Ｒ＆Ｍ　Ｊａｐａｎ（株）,東京都品川区上大崎３－３－６　永峰ビル４階,35.6340722,139.7184442
430350,損害保険,ＡＩＧ損害保険（株）,東京都港区虎ノ門４－３－２０　神谷町ＭＴビル,35.6634944,139.744526
430352,情報・システム・ソフト,ＮＨＮ　ＪＡＰＡＮ（株）,東京都港区虎ノ門１－２３－１　虎ノ門ヒルズ森タワー２２階,35.6668216,139.7494178
430353,食料品,日本シャクリー（株）,東京都新宿区西新宿２－６－１　新宿住友ビル２１階,35.6913514,139.6928126
440001,医薬品,メドエルジャパン（株）,東京都千代田区神田駿河台２－１－２０　お茶の水ユニオンビル５階,35.6997154,139.76214
440004,医薬品,アッヴィ合同会社,東京都港区芝浦３－１－２１　ｍｓｂ　Ｔａｍａｃｈｉ田町ステーションタワーＳ,35.6447514,139.7493165
440011,建設,ｊｕｗｉ自然電力（株）,東京都文京区本郷５－３３－１０,35.7113967,139.7554521
440013,情報・システム・ソフト,Ｔｗｉｔｔｅｒ　Ｊａｐａｎ（株）,東京都中央区京橋３－１－１　東京スクエアガーデン,35.6761291,139.7688154
440017,他サービス,ＡＴＯＭＯＳ（株）,東京都品川区西五反田７－８－１１　ＰＲＥＳＴＩＧＥ五反田４階,35.6237004,139.7197101
440019,投信・投資顧問,ＧＡＭ証券投資顧問（株）,東京都千代田区丸の内３－１－１　国際ビルヂング２階,35.6767148,139.7612147
440021,精密機器卸売,ＲＥＣ　Ｓｏｌａｒ　Ｊａｐａｎ（株）,東京都新宿区西新宿２－６－１　新宿住友ビル３２階,35.6913514,139.6928126
440022,人材派遣・業務請負,Ｍｏｄｉｓ（株）,東京都港区芝浦３－４－１　グランパークタワー３階,35.6436764,139.7455608
440026,電気機器卸売,サーコム・ジャパン（株）,東京都品川区東品川２－２－４　天王洲ファーストタワー２４階,35.6234747,139.7494257
440034,医薬品,アムジェン（株）,東京都港区赤坂９－７－１　ミッドタウン・タワー,35.6662315,139.7313051
440045,情報・システム・ソフト,ＣＡＦＥ２４　ＪＡＰＡＮ（株）,東京都港区南青山１－１－１　新青山ビル西館１０階,35.6727357,139.7253676
440048,情報・システム・ソフト,Ｚａｂｂｉｘ　Ｊａｐａｎ合同会社,東京都港区東新橋２－１６－３　カーザベルソーレ８階,35.6610259,139.7572018
440049,機械卸売,（株）ダイヤコジャパン,東京都江戸川区西葛西６－２４－７　西葛西メディカルプラザ　３階,35.6635613,139.8626709
440057,損害保険,ザ・ノース・オブ・イングランド・プロテクティング・アンド・インデムニティー・アソシエイション・リミテッド（日本支店）,東京都中央区京橋２－８－８　新京橋ビル６階,35.6771564,139.7719372
440061,情報・システム・ソフト,Ｅ２ｏｐｅｎ（株）,東京都港区赤坂７－３－３７　プラース・カナダ１階,35.6733793,139.7284006
440065,他小売,Ｚｅｂｒａ　Ｊａｐａｎ（株）,東京都渋谷区神宮前２－２２－１６,35.6750169,139.7102002
440066,機械卸売,ＳＭＳ　ｇｒｏｕｐ（株）,東京都江東区豊洲３－３－３　豊洲センタービル９階,35.6558266,139.7963119
440067,機械,ＳＹＮＯＶＡ　ＪＡＰＡＮ（株）,東京都目黒区中根２－１０－４,35.6143117,139.6771399
440072,通信・放送,（株）Ｊ－Ｍｏｂｉｌｅ,東京都中央区日本橋大伝馬町６－５　岩清日本橋ビル３階,35.6895833,139.7789092
440077,電気機器卸売,コンエアージャパン合同会社,東京都港区南青山１－１５－４１,35.6700743,139.7261977
440081,機械卸売,Ｓｅｒａｃ　Ｊａｐａｎ（株）,東京都新宿区四谷４－３－２０　いちご四谷四丁目ビル８階,35.6879277,139.7175264
440084,損害保険,アメリカンホーム医療・損害保険（株）,東京都港区虎ノ門４－３－２０　神谷町ＭＴビル,35.6634944,139.744526
440085,化学卸売,ＬＧ化学ジャパン（株）,東京都中央区京橋２－１－３　京橋トラストタワー１２階,35.6778093,139.77012
440087,情報・システム・ソフト,ＲＳＵＰＰＯＲＴ（株）,東京都港区虎ノ門１－２－２０　第３虎の門電気ビル７階,35.6694247,139.7477611
440089,その他卸売,（株）レッド・プラネット・ジャパン,東京都品川区西五反田１－９－３　リバーライトビル,35.6248737,139.7243101
440092,新聞・出版,ピアソン・ジャパン（株）,東京都千代田区神田錦町２－２－１　ＫＡＮＤＡ　ＳＱＵＡＲＥ　１１階,35.6931252,139.7632042
450005,電気機器卸売,（株）ＮＵＣ　ＪＡＰＡＮ,東京都中央区湊１－６－２　ＪＫＨＤビル３階,35.6726753,139.7796457
450006,情報・システム・ソフト,Ｆｕｔｕｒｅ　Ｆａｃｉｌｉｔｉｅｓ（株）,東京都新宿区新宿２－１５－２２　Ｌａｎｄｗｏｒｋ新宿ビル５階,35.6913816,139.7099257
450009,電気機器卸売,ピュア・ストレージ・ジャパン（株）,東京都千代田区永田町２－１０－３　東急キャピトルタワー１２階,35.6739689,139.7407736
450016,電気機器卸売,（株）Ｃｉｅｌ　Ｔｅｒｒｅ　Ｊａｐａｎ,東京都中央区京橋３－１２－７　京橋山本ビル３階,35.6745293,139.7717375
450018,電気機器卸売,サンテックエナジーディベロップメント（株）,東京都新宿区西新宿３－６－１１　西新宿ＫＳビル６階,35.686633,139.6912021
450020,その他卸売,ポラール・エレクトロ・ジャパン（株）,東京都千代田区神田東松下町１３　神田プラザビル７階,35.6938313,139.7745206
450022,情報・システム・ソフト,モバイルアイアン・インターナショナル・インク（日本支店）,東京都港区南麻布３－１９－２３　オーク南麻布ビル２階,35.6473872,139.7300369
450023,化学,オルネクスジャパン（株）,東京都中央区日本橋３－６－２　日本橋フロントビル４階,35.6796306,139.7725163
450024,情報・システム・ソフト,Ｎｏｏｍ　Ｊａｐａｎ（株）,東京都新宿区西新宿３－９－７　フロンティア新宿タワーオフィス３階,35.6843758,139.6903264
450029,情報・システム・ソフト,レノボ・エンタープライズ・ソリューションズ合同会社,東京都千代田区外神田４－１４－１　秋葉原ＵＤＸビル１０階,35.7006943,139.7726237
450033,情報・システム・ソフト,ＨＲＳ　Ｊａｐａｎ（株）,東京都港区虎ノ門１－１０－５　ＫＤＸ虎ノ門一丁目ビル１１階,35.668419,139.750634
450034,機械卸売,マキシメーター・フルード・テクノロジーズ（株）,東京都中央区京橋２－５－２　京橋東邦センタービル３階,35.6765013,139.7703696
450038,電力・ガス,Ｘ－Ｅｌｉｏ　Ｊａｐａｎ（株）,東京都中央区銀座４－１４－１１　七十七銀座ビル８階,35.6688195,139.7684597
450040,他サービス,グローバルブルー・ティエフエス・ジャパン（株）,東京都千代田区外神田４－５－４　亀松ビル７階,35.7016448,139.7719571
450041,情報・システム・ソフト,ダータワーズジャパン（株）,東京都港区芝公園２－３－２７　芝公園ＰＲ－ＥＸ７階,35.6569084,139.7517151
450042,機械卸売,ＲＴＩ　Ａｓｉａ合同会社,東京都中央区日本橋馬喰町１－５－１２　ＣＩＲＣＬＥＳ日本橋馬喰町,35.6925325,139.7820986
450045,繊維・衣服卸売,ＧＵＥＳＳ　ＪＡＰＡＮ合同会社,東京都港区北青山３－３－１１　ルネ青山８階,35.6679999,139.7145538
450046,精密機器卸売,Ｍｅｄｉｓ　ｍｅｄｉｃａｌ　ｉｍａｇｉｎｇ　ｓｙｓｔｅｍｓ　ｂｖ（東京支店）,東京都中央区日本橋兜町５－１　第１平和ビル３階,35.6821696,139.7783654
450049,情報・システム・ソフト,クラスドゥ（株）,東京都渋谷区神南１－５－６　Ｈ１Ｏ渋谷神南７階,35.6648154,139.6998153
450050,輸送用機器卸売,コンチネンタルタイヤ・ジャパン（株）,東京都品川区東品川２－３－１２,35.6243989,139.7508765
450053,化学卸売,ＥＬＣジャパン（株）,東京都千代田区丸の内３－２－３　丸の内二重橋ビルディング２０階,35.6777775,139.7615096
450055,ガラス・土石,コーニングジャパン（株）,東京都港区赤坂１－１１－４４　赤坂インターシティ７階,35.6688986,139.7425432
450061,飲食・外食,（株）Ｗｏｌｆｇａｎｇ’ｓ　Ｓｔｅａｋｈｏｕｓｅ　ＪＡＰＡＮ,東京都港区六本木５－５－１　ロアビル（株）ＷＤＩ　ＪＡＰＡＮ内,35.6619029,139.7345679
450068,他サービス,久光－サノフィ（株）,東京都新宿区西新宿３－２０－２　東京オペラシティタワー,35.682955,139.6867214
450086,機械,ユネックス合同会社,東京都大田区平和島６－１－１　東京流通センター物流ビルＢ棟４階ＢＥ４－Ｓ,35.579357,139.7490337
450087,コンサルティング,ブイグ・アジア（株）,東京都千代田区平河町１－７－２１　平河町昭和ビル６階,35.6827773,139.7408776
450091,証券,ＣＬＳＡ証券（株）,東京都港区東新橋１－９－２　汐留住友ビル１６階,35.6621646,139.7601766
450092,化学卸売,エイチ・ホルスタイン（株）,東京都千代田区九段南２－４－１１,35.6933988,139.7442486
450093,広告,（株）ＴＢＷＡ　ＨＡＫＵＨＯＤＯ,東京都港区芝浦１－１３－１０　第３東運ビル,35.6462482,139.7532291
450094,貨物運送,ＧＥＯＤＩＳ　Ｊａｐａｎ（株）,東京都品川区大崎５－１－１１　住友生命五反田ビル５階,35.6238917,139.724769
450095,その他卸売,メリタジャパン（株）,東京都江東区亀戸２－２６－１０　立花亀戸ビル６階,35.6987089,139.8251786
450098,その他卸売,ＳＴＸ日本（株）,東京都港区虎ノ門１－１－２１　新虎ノ門実業会館７階,35.6703684,139.7504851
450099,海運,Ｐａｎ　Ｏｃｅａｎコンテナ日本（株）,東京都港区東新橋２－４－６　パラッツォシエナ６階,35.6616165,139.7576011
450101,不動産,ＪＬＬモールマネジメント（株）,東京都台東区上野５－３－４,35.7030599,139.774651
450102,電気機器,マイクロンメモリジャパン（株）,東京都港区港南１－２－７０　品川シーズンテラス８階,35.6324899,139.743003
460005,医薬品卸売,テバエーピーアイ（株）,東京都港区虎ノ門５－１－５　メトロシティ神谷町７階,35.6636711,139.7453244
460012,精密機器卸売,キーサイト・テクノロジー（株）,東京都八王子市高倉町９－１,35.6685618,139.3643395
460015,医薬品,グラクソ・スミスクライン・コンシューマー・ヘルスケア・ジャパン（株）,東京都港区赤坂１－８－１　赤坂インターシティＡＩＲ,35.6697533,139.7431185
460016,倉庫・物流関連,メドライン・ロジスティクス・ジャパン合同会社,東京都文京区小石川１－４－１　住友不動産後楽園ビル１５階,35.7102565,139.7520313
460017,情報・システム・ソフト,Ｍｅｌｔｗａｔｅｒ　Ｊａｐａｎ（株）,東京都渋谷区恵比寿１－１８－１８　東急不動産恵比寿ビル５階,35.6475172,139.7139154
460019,他サービス,マーベルテクノロジージャパン（有）,東京都品川区上大崎４－１－５　目黒ヒルトップウォーク４階,35.6336157,139.7146887
460032,他金融,ブラウン・ブラザーズ・ハリマン・インベストメント・サービス（株）,東京都港区虎ノ門１－２－８　虎ノ門琴平タワー１５階,35.6695311,139.7483983
460035,精密機器,ＰＨＣ（株）,東京都港区西新橋２－３８－５,35.6650463,139.7524359
460036,医薬品,アレクシオンファーマ合同会社,東京都港区芝浦３－１－１　田町ステーションタワーＮ,35.6459204,139.7496339
460039,情報・システム・ソフト,フレクシス（株）,東京都江東区青海２－７－４　Ｔｈｅ　ＳＯＨＯ　５１５,35.6181091,139.7749925
460042,機械卸売,エマソンバルブアンドコントロールジャパン（株）,東京都台東区北上野２－２３－５　住友不動産上野ビル２号館,35.718322,139.7838599
460043,電気機器,（株）日本ＨＰ,東京都港区港南１－２－７０　品川シーズンテラス２１階,35.6324899,139.743003
460044,金属製品,センクシア（株）,東京都港区東新橋２－３－１７　モメント汐留１２階,35.662196,139.7581029
460046,ガラス・土石,クアーズテック（株）,東京都品川区大崎２－１１－１　大崎ウィズタワー,35.6170135,139.7297625
460048,化学卸売,アクサルタコーティングシステムズ合同会社,東京都港区虎ノ門１－２－８　虎ノ門琴平タワー４階,35.6695311,139.7483983
460049,精密機器卸売,ＩＴＷジャパン（株）,東京都江東区北砂１－４－４,35.6817313,139.8227702
460052,他金融,Ｓ＆ＰグローバルＳＦジャパン（株）,東京都千代田区丸の内１－６－５　丸の内北口ビル２８階,35.683938,139.7668852
460053,証券,（株）ＫＫＲキャピタル・マーケッツ,東京都千代田区丸の内２－１－１　明治安田生命ビル１１階,35.6791077,139.7621731
460055,情報・システム・ソフト,シンアクティブ・インク（日本支社）（登記社名　Ｓｙｎａｃｔｉｖｅ，Ｉｎｃ．）,東京都港区赤坂１－１２－３２　アーク森ビル１２階,35.6671134,139.740135
460063,医薬品卸売,オーソ・クリニカル・ダイアグノスティックス（株）,東京都品川区大崎１－１１－２　ゲートシティ大崎イーストタワー１６階,35.6186335,139.7319993
460067,他サービス,エナジープールジャパン（株）,東京都港区芝大門１－３－４　ラウンドクロス芝大門９階,35.6598402,139.7547683
460071,情報・システム・ソフト,ワークデイ（株）,東京都港区南青山３－１１－１３　新青山東急ビル７階,35.6663001,139.7140807
460074,その他卸売,（株）エッシェンバッハ光学ジャパン,東京都千代田区神田司町２－１５－４,35.6940931,139.7666381
460076,情報・システム・ソフト,ムーディーズＳＦジャパン（株）,東京都港区愛宕２－５－１　愛宕グリーンヒルズＭＯＲＩタワー２０階,35.6621409,139.7488929
460077,情報・システム・ソフト,ムーディーズ・アナリティックス・ジャパン（株）,東京都港区愛宕２－５－１　愛宕グリーンヒルズＭＯＲＩタワー２０階,35.6621409,139.7488929
460083,情報・システム・ソフト,（株）ストリームメディアコーポレーション,東京都港区六本木３－２－１　住友不動産六本木グランドタワー,35.6645869,139.7377776
460085,専門店,ＬＶＭＨファッション・グループ・ジャパン（株）,東京都港区北青山３－５－２９　ＯＮＥ表参道,35.665836,139.7115627
460086,専門店,フェンディ・ジャパン（株）,東京都千代田区平河町２－１－１　住友不動産平河町ビル７階,35.6815534,139.7415321
460087,専門店,ベルルッティジャパン（株）,東京都千代田区隼町３－１６,35.681682,139.7420471
460091,他サービス,（株）コーリジャパン,東京都千代田区紀尾井町３－２８　ＡＤＭＩＲＡＬ紀尾井町ビル２階,35.6818974,139.7380992
460094,食料品,（株）Ｍａｉｓｏｎ　Ｌａｎｄｅｍａｉｎｅ　Ｊａｐｏｎ,東京都港区麻布台３－１－５　麻布台日の樹ビル１階,35.6608153,139.7383539
460096,情報・システム・ソフト,ＢｕｚｚＦｅｅｄ　Ｊａｐａｎ（株）,東京都千代田区紀尾井町１－３　東京ガーデンテラス紀尾井タワー,35.679604,139.7369417
460097,食料品,Ｂａｒｒｙ　Ｃａｌｌｅｂａｕｔ　Ｊａｐａｎ（株）,東京都品川区大崎２－１１－１　大崎ウィズタワー２１階,35.6170055,139.729518
460098,情報・システム・ソフト,スキャリティ・ジャパン（株）,東京都千代田区大手町１－６－１　大手町ビル４階,35.6864055,139.7648086
460099,他サービス,ＡＩＧジャパン・ホールディングス（株）,東京都港区虎ノ門４－３－２０　神谷町ＭＴビル,35.6634944,139.744526
460100,投信・投資顧問,ＡＩＧアセットマネジメント（株）,東京都港区虎ノ門４－３－２０　神谷町ＭＴ　ビル,35.6634944,139.744526
460103,その他卸売,エイブリィ・デニソン・ジャパン・マテリアルズ（株）,東京都港区海岸１－２－２０　汐留ビルディング１３階,35.6568217,139.759378
460105,旅行,（株）カーニバル・ジャパン,東京都中央区銀座６－２－１　Ｄａｉｗａ銀座ビル６階,35.671378,139.760131
460106,医薬品,ギリアド・サイエンシズ（株）,東京都千代田区丸の内１－９－２　グラントウキョウサウスタワー１６階,35.678574,139.7672846
460107,他サービス,ハーツ・アジア・パシフィック（株）,東京都中央区勝どき３－１３－１　ＦＯＲＥＦＲＯＮＴ　ＴＯＷＥＲ　２１０階,35.6591788,139.7736375
460111,その他卸売,（株）インターナショナル・ペーパー・ジャパン,東京都港区西新橋１－７－２　虎ノ門高木ビル３階,35.6692503,139.7519914
460112,精密機器卸売,インテュイティブサージカル合同会社,東京都港区赤坂１－１２－３２　アーク森ビルＷＥＳＴ３２階,35.6671134,139.740135
460116,精密機器卸売,（株）ハック・ウルトラ,東京都新宿区高田馬場１－２９－９　ＴＤビル５階,35.7110729,139.7043404
460123,その他卸売,キンバリークラーク・ジャパン合同会社,東京都千代田区岩本町１－３－９　ハクセイビル４階,35.6920154,139.7762514
460125,他サービス,Ｌｉｖｅ　Ｎａｔｉｏｎ　Ｊａｐａｎ合同会社,東京都渋谷区神宮前５－５１－６　テラアシオス青山８階,35.6628602,139.7097505
460126,情報・システム・ソフト,ＳｅｒｖｉｃｅＮｏｗ　Ｊａｐａｎ合同会社,東京都港区赤坂１－１２－３２　アーク森ビル１５階／３２階／３５階,35.6671134,139.740135
460127,情報・システム・ソフト,ＳｏｌａｒＷｉｎｄｓ　Ｊａｐａｎ（株）,東京都中央区京橋２－２－１　京橋エドグラン２６階,35.6773686,139.7694908
460128,情報・システム・ソフト,Ｓｐｌｕｎｋ　Ｓｅｒｖｉｃｅｓ　Ｊａｐａｎ合同会社,東京都千代田区大手町１－１－１　大手町パークビルディング８階,35.6866068,139.7628234
460132,化学,ケマーズ（株）,東京都港区虎ノ門４－１－１７　神谷町プライムプレイス７階,35.6650759,139.7440868
460133,他サービス,ウエスタンユニオンジャパン（株）,東京都港区虎ノ門５－１－５　メトロシティ神谷町７階,35.6636711,139.7453244
460135,他小売,トゥミジャパン合同会社,東京都渋谷区東３－１６－３　エフ・ニッセイ恵比寿ビル５階,35.6495783,139.7102049
460141,コンサルティング,ＰｗＣ税理士法人,東京都千代田区大手町１－２－１　Ｏｔｅｍａｃｈｉ　Ｏｎｅタワー,35.6877119,139.7628032
460143,医薬品卸売,ＢｉｏＭａｒｉｎ　Ｐｈａｒｍａｃｅｕｔｉｃａｌ　Ｊａｐａｎ（株）,東京都渋谷区代々木２－１１－１７　ラウンドクロス新宿４階,35.6875751,139.69724
460145,化学,ｎｅｏ　ＡＬＡ（株）,東京都千代田区麹町６－２－６　ＰＭＯ麹町２階,35.6853449,139.732988
460146,投信・投資顧問,マニュライフ・インベストメント・マネジメント（株）,東京都千代田区丸の内１－８－１　丸の内トラストタワーＮ館１５階,35.6832253,139.7697606
460147,投信・投資顧問,マッコーリーアセットマネジメント（株）,東京都千代田区紀尾井町４－１　ニューオータニガーデンコート２０階,35.6794644,139.735674
460149,投信・投資顧問,コムジェスト・アセットマネジメント（株）,東京都千代田区丸の内１－８－２　鉄鋼ビルディング９階,35.6831305,139.7702398
460151,コンサルティング,タワーズワトソン・インベストメント・サービス（株）,東京都千代田区内幸町２－１－６　日比谷パークフロント１３階,35.6708752,139.7536284
460152,投信・投資顧問,（株）ＫＪＲマネジメント,東京都千代田区丸の内２－７－３　東京ビルディング,35.6784953,139.7649771
460156,海運,（株）ＭＳＣクルーズジャパン,東京都港区六本木３－３－２７　スハラ六本木１階,35.663019,139.7369858
460157,損害保険,ＵＫ　Ｐ＆Ｉ　クラブ（日本支店）,東京都港区芝浦１－１－１　浜松町ビル３階,35.6516383,139.757975
460158,損害保険,スイス・リー・インターナショナル・エスイー（日本支店）,東京都千代田区丸の内３－２－３　丸の内二重橋ビル２２階,35.6777775,139.7615096
460159,投信・投資顧問,アッシュモアジャパン（株）,東京都千代田区丸の内１－５－１　新丸の内ビルディング１１階,35.6826212,139.7642436
460160,投信・投資顧問,ＰＡＧインベストメント・マネジメント（株）,東京都港区虎ノ門４－１－２８　虎ノ門タワーズオフィス２０階,35.6660437,139.7437276
460161,投資業等,ユニ・アジアキャピタルジャパン（株）,東京都千代田区神田美土代町９－１　ＪＲＥ神田小川町ビル７階,35.693723,139.7656256
460163,鉱業,コスモアブダビエネルギー開発（株）,東京都港区芝浦１－１－１　浜松町ビル,35.6516383,139.757975
460174,他サービス,ヴェオリア・ジェネッツ（株）,東京都港区海岸３－２０－２０　ヨコソーレインボータワー,35.6400253,139.7565031
460180,化学,ニッペホームプロダクツ（株）,東京都品川区南品川４－１－１５,35.6145962,139.7373808
460181,化学,日本ペイント（株）,東京都品川区南品川４－７－１６,35.6132725,139.7362279
460182,化学,日本ペイント・インダストリアルコーティングス（株）,東京都品川区南品川４－１－１５,35.6145962,139.7373808
460183,化学,日本ペイント・サーフケミカルズ（株）,東京都品川区南品川４－１－１５,35.6145962,139.7373808
460185,他サービス,（株）新日本科学ＰＰＤ,東京都中央区明石町８－１　聖路加タワー１２階,35.6669425,139.7784923
460187,医薬品,マイランＥＰＤ合同会社,東京都港区虎ノ門５－１１－２　オランダヒルズ森タワー,35.6612915,139.7440469
460188,他サービス,ホガス（株）,東京都渋谷区恵比寿４－２０－３　恵比寿ガーデンプレイス・タワー２５階,35.6422106,139.7134456
460189,他サービス,ブラウン・フォーマンビバレッジスジャパン（日本支社）（登記社名　Ｂｒｏｗｎ－Ｆｏｒｍａｎ　Ｂｅｖｅｒａｇｅｓ　Ｊａｐａｎ，Ｌ．Ｌ．Ｃ．）,東京都港区芝公園１－６－７　住友不動産ランドマークプラザ９階,35.6584113,139.7522909
460190,機械卸売,シーメンス（株）,東京都品川区大崎１－１１－１　ゲートシティ大崎ウエストタワー,35.6193971,139.7308079
460194,情報・システム・ソフト,ＮＨＮ　ＰｌａｙＡｒｔ（株）,東京都港区虎ノ門１－２３－１　虎ノ門ヒルズ森タワー２２階,35.6668216,139.7494178
460196,電気機器,ＬＳ　ＥＬＥＣＴＲＩＣ　Ｊａｐａｎ（株）,東京都千代田区霞が関３－２－６　東京倶楽部ビルディング１３階,35.6706399,139.7466018
460203,総合卸売,隴江（株）,東京都中央区日本橋人形町２－２４－３　小出ビル３階,35.6865628,139.7841096
460204,輸送用機器卸売,Ｎｏｒｔｈｒｏｐ　Ｇｒｕｍｍａｎ　Ｊａｐａｎ合同会社,東京都千代田区永田町２－１３－１０　プルデンシャルタワー３階,35.6759214,139.7385782
460205,他金融,プルデンシャル信託（株）,東京都千代田区永田町２－１３－１０　プルデンシャルタワー,35.6759214,139.7385782
460208,化学卸売,ダブリュー・アール・グレースジャパン（株）,東京都中央区新川２－２１－１８　廣建ニューリバービル３階,35.6741609,139.7816213
460210,他小売,アマゾンジャパン合同会社,東京都目黒区下目黒１－８－１　アルコタワーアネックス,35.631434,139.7139728
470001,情報・システム・ソフト,エヌビディア合同会社,東京都港区赤坂２－１１－７　ＡＴＴ新館１３階,35.6698452,139.7410732
470004,精密機器,アルファ・エレクトロニクス（株）,東京都千代田区内神田１－２－１０　羽衣ビル２階,35.6906422,139.7650882
470006,食料品卸売,エー・ディー・エム・ジャパン（株）,東京都中央区日本橋２－１６－１１　日本橋セントラルスクエア４階,35.6807763,139.7762706
470008,情報・システム・ソフト,Ｐｅａｔｉｘ　Ｊａｐａｎ（株）,東京都渋谷区神南１－５－６　Ｈ１Ｏ渋谷神南,35.6648154,139.6998153
470013,情報・システム・ソフト,ミランティス・ジャパン（株）,東京都千代田区鍛冶町２－９－１２　神田徳力ビル３階,35.6930659,139.7724763
470015,他サービス,トワイニング・ジャパン（株）,東京都港区愛宕２－５－１　愛宕グリーンヒルズＭＯＲＩタワー３６階,35.6621409,139.7488929
470022,他サービス,フィッシャークリニカルサービシズジャパン（株）,東京都江東区新木場１－１２－１０,35.6414189,139.836092
470026,他サービス,Ｐａｃｋｃｉｔｙ　Ｊａｐａｎ（株）,東京都千代田区神田小川町３－７－１　ミツワ小川町ビル６階,35.694294,139.7614943
470030,電気機器卸売,ヴィーナステックジャパン（株）,東京都渋谷区代々木３－２５－３　あいおいニッセイ同和損保新宿ビル１２階,35.684709,139.6923357
470032,食料品卸売,ＡＡＫ・ミヨシジャパン（株）,東京都港区三田３－１１－３６　三田日東ダイビル２０１,35.6419221,139.7421707
470034,電気機器,Ｔ＆Ｄ　Ｌｉｇｈｔｅｃ（株）,東京都港区三田１－４－２８　三田国際ビル２６階,35.6525477,139.744434
470035,建物管理・警備,グローブシップ・ソデクソ・コーポレートサービス（株）,東京都港区芝４－１１－３　芝フロントビル７階,35.6481185,139.7509135
470040,化学,クラリアントケミカルズ（株）,東京都文京区本駒込２－２８－８　文京グリーンコートセンターオフィス９階,35.7299074,139.7474002
470046,化学卸売,クアーズテック販売（株）,東京都品川区大崎２－１１－１　大崎ウィズタワー１０階,35.6170055,139.729518
470048,繊維・衣服卸売,（株）マックスアンドコー・ジャパン,東京都港区南青山６－１２－１　ＴＴＳ南青山ビル４階,35.6607806,139.7147932
470049,繊維・衣服卸売,（株）ラコステジャパン,東京都品川区上大崎３－１－１　ＪＲ東急目黒ビル３階,35.6326864,139.7157508
470050,他サービス,ｊｕｗｉ自然電力オペレーション（株）,東京都文京区本郷５－３３－１０　いちご本郷ビル３階,35.7114387,139.755425
470051,情報・システム・ソフト,ＤＺＳ　Ｊａｐａｎ（株）,東京都新宿区西新宿６－１２－１　パークウエスト１３階,35.693999,139.6895022
470052,輸送用機器卸売,ＨＵＴＣＨＩＮＳＯＮ　ＪＡＰＡＮ（株）,東京都港区港南２－１３－３４,35.62777,139.7453443
470053,貨物運送,コスコシッピングロジスティックスジャパン（株）,東京都千代田区霞が関３－２－１　霞が関コモンゲート西館３３階,35.671849,139.747976
470055,コンサルティング,キャップジェミニ（株）,東京都港区虎ノ門１－２３－１　虎ノ門ヒルズ森タワー２２階,35.6668216,139.7494178
470061,損害保険,ガードジャパン（株）,東京都港区東新橋１－５－２　汐留シティセンター８階,35.6654972,139.7608806
470062,他サービス,コファス・サービス・ジャパン（株）,東京都港区愛宕２－５－１　愛宕グリーンヒルズＭＯＲＩタワー３８階,35.6621409,139.7488929
470068,他製造業,インテグリス・ジャパン（株）,東京都港区三田１－４－２８　三田国際ビルヂング,35.6525477,139.744434
470070,自動車販売,コーンズ・モータース（株）,東京都港区芝３－５－１　コーンズハウス,35.6523291,139.7485902
470071,他サービス,サイネオス・ヘルス・クリニカル（株）,東京都港区港南１－２－７０　品川シーズンテラス２７階,35.6324899,139.743003
470077,映像・音楽,スポティファイジャパン（株）,東京都渋谷区渋谷１－２－５,35.6617445,139.7066514
470078,銀行,台新國際商業銀行東京支店,東京都千代田区丸の内２－１－１　明治安田生命ビル８階,35.6791077,139.7621731
470079,損害保険,アトラディウス信用保険会社（日本支店）（登記社名　アトラディウス・クレディト・イ・カウション・エセ・アー・デ・セグロス・イ・レアセグロス）,東京都港区虎ノ門４－３－１　城山トラストタワー３０階,35.6646397,139.7430889
470080,他サービス,ＤＴＣＣデータ・レポジトリー・ジャパン（株）,東京都千代田区霞が関３－２－５　霞が関ビルディング２９階,35.671183,139.7472406
470087,医薬品,ＭＳＤアニマルヘルス（株）,東京都千代田区九段北１－１３－１２　北の丸スクエア８階,35.6957677,139.7505941
470089,機械,イーグルブルグマンジャパン（株）,東京都港区芝大門１－１２－１５　正和ビル,35.6579002,139.7530295
470101,化学,デュポン・スペシャルティ・プロダクツ（株）,東京都千代田区永田町２－１１－１　山王パークタワー,35.6733558,139.7403363
470102,医薬品,コルテバ・アグリサイエンス日本（株）,東京都千代田区永田町２－１１－１　山王パークタワー,35.6733558,139.7403363
470103,化学卸売,ヴェルサムマテリアルズ・ジャパン（株）,東京都目黒区下目黒１－８－１　アルコタワー５階,35.6316957,139.7132982
470104,食料品卸売,ベル　ジャポン（株）（登記社名　Ｂｅｌ　Ｊａｐｏｎ（株））,東京都港区南青山３－１３－１８　３１３南青山ビル５階,35.6655166,139.7133604
470107,化学卸売,ユーピーエルジャパン合同会社,東京都中央区明石町８－１　聖路加タワー３８階,35.6669425,139.7784923
470108,新聞・出版,中国出版トーハン（株）,東京都新宿区東五軒町６－２４　（株）トーハン本社ビル６階,35.707983,139.7387258
470113,情報・システム・ソフト,ＤＸＣテクノロジー・ジャパン（株）,東京都中央区京橋２－２－１　京橋エドグラン１７階,35.6773686,139.7694908
470114,その他卸売,ヒュービディックジャパン（株）,東京都八王子市北野町５０７－６,35.6524371,139.3478352
470118,投信・投資顧問,教保生命アセット・マネジメント・ジャパン（株）,東京都千代田区麹町２－２－３１　麹町サンライズビル７階,35.6844391,139.741356
470119,総合卸売,（株）三養社（東京支店）,東京都千代田区有楽町１－５－１　日比谷マリンビル８階,35.6744763,139.7596575
470120,他サービス,テックインサイツジャパン（株）,東京都千代田区内幸町１－１－１　帝国ホテル本館６階６１４号室,35.6724056,139.7583398
470123,電気機器,シナプティクス・ジャパン合同会社,東京都中野区中野４－１０－２　ＮＡＫＡＮＯ　ＣＥＮＴＲＡＬ　ＰＡＲＫ　サウス１３階,35.706985,139.6614936
470124,銀行,シティバンク，エヌ・エイ（東京支店）,東京都千代田区大手町１－１－１　大手町パークビルディング,35.6866068,139.7628234
470128,他サービス,マーレジャパン（株）,東京都豊島区北大塚１－９－１２,35.7315141,139.7327383
470129,輸送用機器卸売,マーレトレーディングジャパン（株）,東京都豊島区北大塚１－９－１２,35.7315141,139.7327383
470131,倉庫・物流関連,（株）キュラーズ,東京都品川区大崎３－５－２,35.6207987,139.7254754
470134,食料品卸売,Ｄｅｎｉｓ　Ｊａｐａｎ（株）,東京都千代田区霞が関３－６－７　霞が関プレイス,35.6716958,139.7453443
470135,精密機器,シュナイダーエレクトリックシステムス（株）,東京都港区芝浦２－１５－６　オアーゼ芝浦ＭＪビル,35.6444488,139.7527609
470137,機械,工機ホールディングス（株）,東京都港区港南２－１５－１　品川インターシティＡ棟,35.627518,139.7420043
470139,不動産,ＤＦプロパティ（株）,東京都千代田区霞が関３－６－７　霞が関プレイス,35.6716958,139.7453443
470141,ガラス・土石,ＭＣＣ－ＳＧＬプレカーサー（株）,東京都千代田区丸の内１－１－１　パレスビル,35.685132,139.7615664
480004,電気機器,カナディアン・ソーラー・プロジェクト（株）,東京都新宿区西新宿２－１－１　新宿三井ビル５０階,35.6919097,139.6939012
480006,情報・システム・ソフト,Ｖｅｃｉｍａ　Ｓｏｌｕｔｉｏｎｓ（株）,東京都台東区浅草橋３－２０－１５　浅草橋ミハマビル６階,35.7009986,139.7884149
480011,投資業等,マン・グループ・ジャパン・リミテッド（東京支店）,東京都港区赤坂５－３－１　赤坂Ｂｉｚタワー２７階,35.673175,139.7363593
480012,不動産,プロロジス・リート・マネジメント（株）,東京都千代田区丸の内２－７－３　東京ビルディング２１階,35.6786068,139.7649357
480015,食料品,ネスレネスプレッソ（株）,東京都品川区東五反田２－１０－２　東五反田スクエア１５階,35.6247208,139.7272831
480017,医薬品,サンドファーマ（株）,東京都港区虎ノ門１－２３－１　虎ノ門ヒルズ森タワー,35.6668216,139.7494178
480018,人材派遣・業務請負,シミック・アッシュフィールド（株）,東京都港区芝浦１－１－１　浜松町ビルディング,35.651812,139.7576211
480021,情報・システム・ソフト,（株）ＪＩＲＡＮ　ＪＡＰＡＮ,東京都港区東新橋２－１２－１　ＰＭＯ東新橋７階,35.6606567,139.7557953
480022,その他卸売,惠遠ジャパン（株）,東京都中央区日本橋室町１－１０－５　テラサキ第１ビル３階,35.685437,139.7757714
480023,情報・システム・ソフト,Ｓｐｒｉｎｋｌｒ　Ｊａｐａｎ（株）,東京都港区六本木７－１８－１８　住友不動産六本木通ビル１１階,35.6620267,139.7284405
480025,飲食・外食,（株）ドミノ・ピザジャパン,東京都千代田区岩本町１－１０－３　紀繁ビル４，５階,35.6929043,139.7784275
480026,精密機器卸売,ゼブラ・テクノロジーズ・ジャパン（株）,東京都千代田区内幸町１－５－２　内幸町平和ビル１４階,35.6695899,139.7579452
480028,飲食・外食,ファーストキッチン（株）,東京都新宿区四谷４－３４－１　新宿御苑前アネックスビル５階,35.6902514,139.714872
480029,電気機器卸売,アイロボットジャパン合同会社,東京都千代田区神田錦町３－２０　錦町トラッドスクエア５階,35.6932687,139.7608154
480033,精密機器卸売,ティー・エイ・インスツルメント・ジャパン（株）,東京都品川区西五反田５－２－４　レキシントン・プラザ西五反田６階,35.6258791,139.7163094
480039,その他卸売,（株）ビュッフェ・クランポン・ジャパン,東京都江東区東陽４－８－１７,35.6710917,139.8175041
480049,投信・投資顧問,リーガル・アンド・ジェネラル・インベストメント・マネジメント・ジャパン（株）,東京都港区虎ノ門１－２－８　虎ノ門琴平タワー２２階,35.6695311,139.7483983
480051,他サービス,Ｗｉｌｌｉｓ　Ｊａｐａｎ　Ｓｅｒｖｉｃｅｓ（株）,東京都千代田区内幸町２－１－６　日比谷パークフロント１３階,35.6708752,139.7536284
480052,損害保険,Ｇａｌｌａｇｈｅｒ　Ｒｅ　Ｊａｐａｎ（株）,東京都千代田区内幸町２－１－６　日比谷パークフロント１３階,35.6708752,139.7536284
480057,情報・システム・ソフト,（株）光庭インフォ,東京都大田区蒲田５－３３－６　ＮＳビル,35.5594982,139.7184741
480064,輸送機器,ゲスタンプ・オートテック・ジャパン（株）,東京都千代田区丸の内１－９－２　グラントウキョウサウスタワー１５階,35.678574,139.7672846
480070,貨物運送,ＡＧＳ　Ｆｏｕｒ　Ｗｉｎｄｓ　Ｊａｐａｎ（株）,東京都千代田区永田町２－１２－８　永田町ＳＲビル６階,35.6744654,139.7388377
480071,化学,ティッセンクルップ・ウーデ・クロリンエンジニアズ（株）,東京都中央区日本橋茅場町１－１３－１２　さくら日本橋ビル７階,35.6797197,139.7814232
480072,輸送用機器卸売,ティーケー・ホームソリューションズ・ジャパン（株）,東京都港区赤坂４－１５－１　赤坂ガーデンシティ１階,35.6742711,139.7314575
480076,輸送用機器卸売,サムスン重工業（株）　東京事務所,東京都千代田区富士見２－１０－２　飯田橋グラン・ブルーム２８階,35.6989473,139.7438702
480079,鉄鋼・金属卸売,（株）東国,東京都中央区日本橋茅場町３－１１－１０　ＰＭＯ日本橋茅場町７階,35.6776851,139.7790875
480080,その他卸売,ロッテ酒類ジャパン（株）,東京都港区三田１－４－２８,35.6526236,139.7443802
480081,その他卸売,（株）ＣＵ,東京都港区虎ノ門１－２－１０　虎の門桜田通ビル８階,35.6692182,139.7483783
480083,他サービス,インフォーママーケッツジャパン（株）,東京都千代田区鍛冶町１－８－３　神田９１ビル２階,35.6908542,139.7725962
480085,ガラス・土石卸売,イルジンジャパン（株）,東京都港区浜松町２－２－１５　浜松町ゼネラルビル７階,35.6553299,139.7548062
480086,電気機器卸売,（株）ソリッドジャパン,東京都千代田区飯田橋４－６－９　ロックフィールドビル４階,35.7008699,139.7468214
480087,他サービス,Ｊａｐａｎ　Ｏｕｔｓｏｕｒｃｉｎｇ　Ｓｏｌｕｔｉｏｎｓ（株）,東京都港区西新橋３－２４－８　山内ビル３階,35.6613186,139.7511277
480088,化学卸売,ソンウォンインターナショナルジャパン（株）,東京都港区西新橋１－５－８　西新橋一丁目川手ビル８階,35.6691121,139.7539278
480094,化学,銀座ステファニー化粧品（株）,東京都港区新橋１－５－１　ステファニー銀座中央通ビル,35.6674051,139.7606757
480095,総合卸売,サムスンＣ＆Ｔジャパン（株）,東京都港区港南２－１６－４　品川グランドセントラル６階,35.6266147,139.7407736
480102,コンサルティング,Ｓｉａ　Ｐａｒｔｎｅｒｓ（株）,東京都港区東麻布１－２３－５,35.6561407,139.7444324
480105,電力・ガス,ＢａｙＷａ　ｒ．ｅ．Ｊａｐａｎ（株）,東京都港区港南２－１６－４　品川グランドセントラルタワー１８階,35.6266147,139.7407736
480109,化学卸売,サーテックＭＭＣジャパン（株）,東京都中央区新川１－２７－８　新川大原ビル７階,35.6756759,139.783061
480110,その他卸売,トレルボルグ・マリンシステムズ・ジャパン（株）,東京都千代田区隼町２－１１　奥田ビル３階,35.6824728,139.7419911
480113,情報・システム・ソフト,ジーエフケー・インサイト・ジャパン（株）,東京都中野区本町２－４６－１　中野坂上サンブライトツイン１５階,35.6966592,139.6821244
480114,電気機器卸売,ストーバー・ジャパン（株）,東京都葛飾区四つ木１－３１－８,35.73486,139.8355927
480116,電気機器卸売,オーディーユージャパン（株）,東京都港区六本木２－３－９　ユニオン六本木ビル７階,35.6664533,139.7376402
480117,海運,シー・ピー・シー・コンソリディテッドプールキャリヤーズ・アジア（株）,東京都中央区築地７－５－３　紀文第一ビル７階,35.6659756,139.7737145
480119,情報・システム・ソフト,ＩＰＧ　Ａｕｔｏｍｏｔｉｖｅ（株）,東京都港区西新橋２－９－１　ＰＭＯ西新橋９階,35.6668521,139.7526752
480121,コンサルティング,エクスペリアンジャパン（株）,東京都千代田区大手町１－１－１　大手町パークビル７階,35.6898953,139.7604411
480134,精密機器卸売,ニューベイシブジャパン（株）,東京都中央区銀座７－１４－１３　日土地銀座ビル,35.6671265,139.7646617
480135,その他卸売,イグザクテック（株）,東京都中央区日本橋３－１５－２　鹿児島ビル８階,35.6784004,139.7747729
480148,貨物運送,フェラーリ・ロジスティクス・ジャパン（株）,東京都中央区京橋１－６－１３　ＶＯＲＴ京橋２ビル２階,35.6776324,139.7718002
480150,その他卸売,Ｆｏｓｃａｒｉｎｉ　Ｊａｐａｎ（株）,東京都港区南麻布３－１９－２３　オーク南麻布ビル２階,35.6473872,139.7300369
480155,情報・システム・ソフト,Ｒｅａｋｔｏｒ　Ｊａｐａｎ（株）,東京都渋谷区恵比寿３－２８－２　Ｓｒｅｅｄ　ＥＢＩＳＵ４階,35.6437805,139.715683
480156,食料品卸売,クリスチャン・ハンセン・ジャパン（株）,東京都港区芝３－４３－１６　ＫＤＸ三田ビル１０階,35.6506625,139.7451999
480160,他製造業,サノボテクノロジー（株）,東京都港区芝１－９－６　マツラビル６階,35.651231,139.7550434
480162,情報・システム・ソフト,（株）オセロ,東京都渋谷区恵比寿１－１９－１５　ウノサワ東急ビル７階,35.6474157,139.7132495
480163,その他卸売,（株）プロテインテック・ジャパン,東京都江東区東陽２－２－２０　東陽駅前ビル,35.666358,139.8159928
480164,精密機器卸売,ＤＩＯデジタル（株）,東京都中央区日本橋本町４－１５－１１　市橋ビル９階,35.6900898,139.77673
480169,機械卸売,アトラスコプコ（株）,東京都港区芝公園１－１－１　住友不動産御成門タワー８階,35.6606374,139.7518279
480170,コンサルティング,ロスチャイルド・アンド・コー・ジャパン（株）,東京都港区赤坂９－７－１　ミッドタウン・タワー４３階,35.6662186,139.7303961
480171,他サービス,ノース・アメリカン・サイエンス・アソシエイツ・ジャパン合同会社,東京都中央区日本橋本町３－７－２　ＭＦＰＲ日本橋本町ビル３階,35.6891307,139.7763505
480172,投資業等,トレードウェブ・ジャパン（株）,東京都中央区京橋２－２－１　京橋エドグラン２６階,35.6773686,139.7694908
480173,生命保険,アフラック生命保険（株）,東京都新宿区西新宿２－１－１　新宿三井ビル,35.6919097,139.6939012
480174,情報・システム・ソフト,（株）ＬＧ　ＣＮＳ　ジャパン,東京都中央区京橋２－１－３　京橋トラストタワー１２階,35.6778093,139.77012
480175,投信・投資顧問,ティー・ロウ・プライス・ジャパン（株）,東京都千代田区丸の内１－９－２　グラントウキョウサウスタワー１０階,35.678574,139.7672846
480177,生命保険,カーディフ生命保険（株）,東京都渋谷区桜丘町２０－１　渋谷インフォスタワー９階,35.655329,139.7009496
480178,損害保険,カーディフ損害保険（株）,東京都渋谷区桜丘町２０－１　渋谷インフォスタワー９階,35.655329,139.7009496
480179,情報・システム・ソフト,ＰＨＣメディコム（株）,東京都台東区上野１－４－８　上野横山ビル１階,35.7056831,139.7707644
480180,電気機器卸売,Ｖｉｃｏｒ（株）,東京都品川区西五反田８－９－５　ＦＯＲＥＣＡＳＴ五反田ＷＥＳＴ６階,35.6209147,139.7199376
480181,不動産,（株）アスコット,東京都渋谷区神宮前３－１－３０　Ｄａｉｗａ青山ビル,35.6695701,139.7147134
480183,他サービス,（株）エム・エイチ・グループ,東京都渋谷区千駄ケ谷１－１１－１,35.6773044,139.7109878
490007,精密機器卸売,トロフィー・ラジオロジー・ジャパン（株）,東京都中央区日本橋蛎殻町１－３９－５　水天宮北辰ビル８階,35.6833527,139.7843667
490018,他サービス,（株）アイジェノミクス・ジャパン,東京都中央区日本橋人形町２－７－１０　エル人形町４階,35.68674,139.7833206
490022,コンサルティング,ケンブリッジコンサルタンツ（株）,東京都港区南青山３－１－３　スプライン青山東急ビル６階,35.6687088,139.7161569
490024,精密機器,ＡＫＡ（株）,東京都渋谷区神南１－６－５　Ｔｈｅ　Ｈｉｖｅ　Ｊｉｎｎａｎ,35.6642987,139.6995674
490030,化学卸売,サフトジャパン（株）,東京都港区赤坂４－２－１９　赤坂シャスタ・イースト８階,35.675301,139.7350657
490032,電気機器卸売,マキシオンジャパン（株）,東京都港区港南２－１６－１　品川イーストワンタワー７階,35.627763,139.7407736
490035,電気機器,ＪＯＹＮＥＸＴ（株）,東京都港区虎ノ門３－２２－１　虎ノ門桜ビル６階,35.6615435,139.7481588
490039,石油・燃料卸売,アラムコ・アジア・ジャパン（株）,東京都千代田区丸の内２－４－１　丸の内ビルディング２６階,35.6811829,139.7637704
490041,他サービス,日本ＭＳＤ合同会社,東京都千代田区九段北１－１３－１２　北の丸スクエア,35.6957677,139.7505941
490042,他サービス,（株）ＪＡＬ　ＣＡＥ　ＦＬＩＧＨＴ　ＴＲＡＩＮＩＮＧ,東京都大田区羽田空港３－６－８　ＪＡＬ第２テクニカルセンター,35.5409386,139.7938873
490044,食料品,Ｄａｎｄｅｌｉｏｎ　Ｃｈｏｃｏｌａｔｅ　Ｊａｐａｎ（株）,東京都台東区蔵前４－１４－６,35.7036358,139.7896746
490048,電気機器卸売,Ｒｉｅｄｅｌ　Ｃｏｍｍｕｎｉｃａｔｉｏｎｓ　Ｊａｐａｎ（株）,東京都渋谷区南平台町７－９　ＤＥＮ　ＦＬＡＴ南平台１０１,35.6532774,139.698297
490050,コンサルティング,ディアラス・コンサルティング・ジャパン（株）,東京都港区虎ノ門１－１７－１　虎ノ門ヒルズビジネスタワー１５階,35.6678347,139.7500377
490051,他金融,マニュライフ・ファイナンシャル・アドバイザーズ（株）,東京都港区六本木３－２－１　六本木グランドタワー３７階,35.6645869,139.7377776
490053,広告,（株）行楽ジャパン,東京都中央区八丁堀３－１８－６　ＰＭＯ八丁堀３４階,35.6747868,139.7762766
490056,他サービス,アルマック・ファーマシューティカル・サービス（株）,東京都港区虎ノ門１－２３－１　虎ノ門ヒルズ森タワー２９階,35.6668216,139.7494178
490057,他サービス,ＧＯＦＬＵＥＮＴ（株）,東京都中央区日本橋人形町３－４－７　三勝ビル３階,35.6863808,139.7810668
490058,情報・システム・ソフト,ＧｕｍＧｕｍ　Ｊａｐａｎ（株）,東京都千代田区丸の内１－６－５　丸の内北口ビルディング　ＷｅＷｏｒｋ,35.6839599,139.7668803
490059,精密機器卸売,エイデータテクノロジージャパン（株）,東京都千代田区外神田６－１３－１０　プロステック秋葉原９階,35.7031967,139.7710519
490062,不動産,ＭｅｔｒｏＲｅｓｉｄｅｎｃｅｓ　Ｊａｐａｎ（株）,東京都港区赤坂９－２－１３　ｎｉｎｅｔｙｔｗｏ１３－３０３号,35.6680481,139.7321217
490063,情報・システム・ソフト,（株）ＰａｔｅｎｔＳｉｇｈｔ　Ｊａｐａｎ,東京都港区東麻布１－９－１５　東麻布一丁目ビル６階,35.6576467,139.7441667
490064,情報・システム・ソフト,ペガジャパン（株）,東京都千代田区平河町１－１－１　平河町コート８階,35.6831721,139.7414518
490065,情報・システム・ソフト,セキュアワークス（株）,東京都千代田区大手町１－２－１　ＯｔｅｍａｃｈｉＯｎｅタワー１７階,35.6879122,139.7631803
490066,情報・システム・ソフト,スキーデータ合同会社,東京都千代田区内神田１－４－２　大手町ポイントビル５階,35.6900232,139.7654675
490067,他サービス,ホフマンジャパン（株）,東京都中央区京橋２－７－１４　ビュレックス京橋４０１,35.6768545,139.7713181
490071,コンサルティング,Ｋｎｏｅｌｌ　Ｊａｐａｎ（株）,東京都中央区日本橋２－１６－４　ＷＯＲＫ　ＢＡＳＥ　Ｎｉｈｏｍｂａｓｈｉ　８・９階,35.6798733,139.7757202
490073,精密機器卸売,バイタログラフ・ジャパン（株）,東京都中央区日本橋本町４－７－１０,35.6899224,139.7751357
490078,旅行,ＬＹ－ＨＩＳトラベル（株）,東京都中央区新川１－２２－１１　茅場町イーストスクエア９階,35.6773521,139.7851425
490081,その他卸売,ｖａ－Ｑ－ｔｅｃ　Ｊａｐａｎ合同会社,東京都港区虎ノ門５－１３－１　虎ノ門４０ＭＴビル７階,35.6633809,139.7457635
490087,精密機器卸売,コンメッド・ジャパン（株）,東京都港区新橋５－２０－４　新虎サウスビル８階,35.6634122,139.7538479
490089,情報・システム・ソフト,ＴＭＡ　Ｓｏｌｕｔｉｏｎｓ　Ｊａｐａｎ（株）,東京都港区新橋５－２７－１　パークプレイス４階,35.6629158,139.7547158
490090,航空,Ｓｉｌｋ　Ｗａｙ　Ｗｅｓｔ　Ａｉｒｌｉｎｅｓ　ＬＬＣ（東京支店）,東京都港区西新橋１－１８－６　クロスオフィス内幸町１３階,35.6677834,139.7533903
490091,海運,Ｏｒｉｅｎｔ　Ｏｖｅｒｓｅａｓ　Ｃｏｎｔａｉｎｅｒ　Ｌｉｎｅ　Ｌｉｍｉｔｅｄ（日本支社）,東京都品川区大崎１－１１－２　ゲートシティ大崎イーストタワー８階,35.6186335,139.7319993
490092,その他卸売,ＧＶＳジャパン（株）,東京都新宿区西新宿７－１０－１２　ＫＫＤビル４階,35.6941508,139.6982172
490094,情報・システム・ソフト,ドキュサイン・ジャパン（株）,東京都港区虎ノ門４－３－１　城山トラストタワー３５階,35.6646397,139.7430889
490095,情報・システム・ソフト,ＱＮＡＰ（株）,東京都荒川区荒川７－５０－９　センターまちや５０２Ｄ号室,35.742318,139.7806717
490097,情報・システム・ソフト,Ｄｒｕｖａ合同会社,東京都千代田区大手町１－９－２　大手町フィナンシャルシティグランキューブ３階グローバルビジネスハブ東京ＢＤ３４２,35.6887187,139.7648682
490100,情報・システム・ソフト,Ｉｎｆｉｎｉｄａｔ　Ｊａｐａｎ合同会社,東京都千代田区大手町１－９－２　大手町フィナンシャルシティグランキューブ３階,35.6884052,139.7647492
490103,情報・システム・ソフト,ニューメリックス・ジャパン（株）,東京都千代田区丸の内１－６－５,35.6839569,139.7668878
490107,情報・システム・ソフト,ＮｅｘｔＤｒｉｖｅ（株）,東京都港区西麻布３－１９－２２,35.6599991,139.7262384
490109,情報・システム・ソフト,（株）Ｚａｎｒｏｏ　Ｊａｐａｎ,東京都中央区京橋３－３－１３　平和ビル３号館３階,35.6756199,139.7681032
490110,情報・システム・ソフト,Ｓｙｍｐｈｏｎｙ　Ｃｏｍｍｕｎｉｃａｔｉｏｎ　Ｓｅｒｖｉｃｅｓ　Ｊａｐａｎ合同会社,東京都千代田区大手町１－９－２　大手町フィナンシャルシティグランキューブ３階,35.6884052,139.7647492
490111,精密機器卸売,ＭＧＩ　Ｔｅｃｈ　Ｊａｐａｎ（株）,東京都中央区明石町８－１　聖路加タワー３５階,35.6669425,139.7784923
490126,他サービス,ジョブサポートパワー（株）,東京都立川市曙町２－３４－７　ファーレイーストビル８階,35.7021559,139.4147554
490129,電気機器,（株）テックポイントジャパン,東京都港区西新橋２－１１－６　ニュー西新橋ビル４階,35.6663806,139.7519914
490136,輸送機器,プラット＆ホイットニー・ジャパン（株）,東京都港区虎ノ門４－３－１　城山トラストタワー３０階,35.6646397,139.7430889
490137,情報・システム・ソフト,マイクロフォーカスエンタープライズ（株）,東京都港区赤坂９－７－１　ミッドタウン・タワー１９階,35.6662186,139.7303961
490138,化学,ダウ・東レ（株）,東京都品川区東品川２－２－２４　天王洲セントラルタワー,35.6228215,139.7486778
490140,その他卸売,Ｏ＆Ｍ　Ｈａｌｙａｒｄ　Ｊａｐａｎ合同会社,東京都港区芝公園２－６－３　芝公園フロントタワー１２階,35.655824,139.7507194
490142,鉄鋼・金属卸売,エイチ・シー・スタルク・タングステン合同会社,東京都港区海岸１－２－２０　汐留ビルディング３階,35.6568217,139.759378
490143,鉄鋼・金属卸売,エイチ・シー・スタルクＦａｂｒｉｃａｔｅｄ　Ｐｒｏｄｕｃｔｓ合同会社,東京都港区海岸１－２－２０　汐留ビルディング３階,35.6568217,139.759378
490144,電気機器卸売,日本ハネウェル（株）,東京都港区海岸１－１６－１　ニューピア竹芝サウスタワー２０階,35.6534029,139.7625892
490145,電気機器,パイオニア（株）,東京都文京区本駒込２－２８－８　文京グリーンコート,35.7299992,139.7475843
490146,化学,ダウ・ケミカル日本（株）,東京都品川区東品川２－２－２４　天王洲セントラルタワー,35.6228215,139.7486778
500017,投信・投資顧問,Ｄｙｍｏｎ　Ａｓｉａ　Ｃａｐｉｔａｌ　Ｊａｐａｎ（株）,東京都中央区日本橋兜町６－５　兜町第６平和ビル３階,35.6820765,139.7787072
500031,損害保険,スコール・エスイー（日本支店）,東京都千代田区紀尾井町３－１２　紀尾井町ビル,35.6823569,139.7367421
500032,鉄鋼・金属卸売,シューコー・ジャパン（株）,東京都港区新橋４－１－１　新虎通りＣＯＲＥ,35.6652533,139.7537924
500036,情報・システム・ソフト,スマートアイ・ジャパン（株）,東京都千代田区神田錦町１－１７－５　神田橋ＰＲ－ＥＸ３階,35.6911318,139.7635669
500039,精密機器卸売,Ｓｙｎｏｌｏｇｙ　Ｊａｐａｎ（株）,東京都千代田区東神田３－１－２　ユニゾ東神田三丁目ビル４階,35.6970314,139.7804026
500041,他サービス,Ｃａｖｅｎｄｉｓｈ　Ｎｕｃｌｅａｒ　Ｊａｐａｎ（株）,東京都墨田区錦糸１－２－１　アルカセントラル１４階リージャス東京アルカセントラルオフィス１０４号,35.6973487,139.8114691
500042,精密機器卸売,ＰＲＯＰＨＥＳＥＥ合同会社,東京都千代田区永田町２－１１－１　山王パークタワー４階,35.6731479,139.7406938
500046,コンサルティング,Ｇｕｉｄｅｐｏｉｎｔ　Ｇｌｏｂａｌ　Ｊａｐａｎ合同会社,東京都港区南麻布４－１１－２２　南麻布Ｔ＆Ｆビル８階,35.6471568,139.728206
500047,他サービス,Ｕｂｅｒ　Ｊａｐａｎ（株）,東京都港区六本木１－９－１０　アークヒルズ仙石山森タワー３１階,35.6634093,139.741803
500050,繊維・衣服卸売,（株）ケリングジャパン,東京都渋谷区神宮前５－１－５,35.6659345,139.7101583
500051,精密機器卸売,（株）ケリングアイウエアジャパン,東京都中央区銀座４－３－１,35.6725943,139.7646968
500052,情報・システム・ソフト,ティブコパートナーソリューションズ（株）,東京都港区港南２－１６－１　品川イーストワンタワー４階,35.627763,139.7407736
500053,他サービス,サイネオス・ヘルス合同会社,東京都中央区日本橋２－１－３　アーバンネット日本橋二丁目ビル５階,35.6826041,139.7725962
500054,他サービス,サイネオス・ヘルス・コマーシャル（株）,東京都中央区日本橋２－１－３　アーバンネット日本橋二丁目ビル５階,35.6826041,139.7725962
500055,その他卸売,（株）ルーフタイルグループジャパン,東京都千代田区紀尾井町３－８　第２紀尾井町ビル７階,35.6823569,139.7367421
500056,損害保険,Ｓｗｉｓｓ　Ｒｅ　Ａｓｉａ　Ｐｔｅ．　Ｌｔｄ．（日本支店）,東京都千代田区丸の内３－２－３　丸の内二重橋ビル２２階,35.6777775,139.7615096
500057,その他卸売,ニューウェルブランズ・ジャパン合同会社,東京都港区芝浦４－９－２５　芝浦スクエアビル９階,35.6399623,139.7459685
500058,航空,マレーシア・エアラインズ・バハード（日本支社）,東京都港区西新橋１－１２－１０　３階,35.6686139,139.7535104
500059,通信・放送,リーチ・ネットワークス（株）,東京都港区虎ノ門４－３－２０　神谷町ＭＴビル１４階,35.6634944,139.744526
510002,医薬品,ファイザー（株）,東京都渋谷区代々木３－２２－７　新宿文化クイントビル,35.6863313,139.6951259
510003,他サービス,エアロダインジャパン（株）,東京都渋谷区道玄坂１－１２－１　渋谷マークシティ２２階,35.6581085,139.6986263
510006,電力・ガス,アイチューザー（株）,東京都渋谷区恵比寿１－１３－６　恵比寿ＩＳビル７階,35.6472505,139.7120003
510009,電気機器卸売,グローバスメディカル（株）,東京都港区東新橋２－３－３　ルオーゴ汐留１０階,35.6626328,139.7582206
510019,情報・システム・ソフト,アイデミア・ジャパン（株）,東京都渋谷区恵比寿南３－１－１　恵比寿グリーングラス５階,35.6460585,139.7066824
510021,不動産,ＰＡＴＲＩＺＩＡ　Ｊａｐａｎ（株）,東京都港区赤坂３－１－２　ＢＩＺＣＯＲＥ赤坂見附６階,35.6774952,139.7366824
510025,食料品卸売,ＣＴ　Ｓｐｉｒｉｔｓ　Ｊａｐａｎ（株）,東京都渋谷区神宮前２－２６－５,35.673965,139.7103446
510027,他サービス,Ｐｌｕｇ　ａｎｄ　Ｐｌａｙ　Ｊａｐａｎ（株）,東京都渋谷区道玄坂１－１６－３　渋谷センタープレイス３階,35.6568411,139.6981996
510028,人材派遣・業務請負,日越ＢＩＣグループ（株）,東京都港区港南２－１６－４　品川グランドセントラルタワー８階,35.6266147,139.7407736
510032,情報・システム・ソフト,ＳＷＡＴ　Ｍｏｂｉｌｉｔｙ　Ｊａｐａｎ（株）,東京都中央区日本橋２－１－１７　丹生ビル２階,35.6823665,139.7724291
510035,情報・システム・ソフト,Ａｐｐｔｉｏ（株）,東京都港区赤坂９－７－１　ミッドタウンタワー１８階,35.6662186,139.7303961
510036,電気機器卸売,ゼンデュア・ジャパン（株）,東京都渋谷区千駄ヶ谷５－２７－５　リンクスクエア新宿１６階,35.6865275,139.7028382
510044,不動産,東渡ジャパン（株）,東京都中央区銀座１－８－７　ＶＯＲＴ銀座ＤＤＩ７階,35.6740972,139.7686087
510045,情報・システム・ソフト,オートメーション・エニウェア・ジャパン（株）,東京都港区北青山２－１４－４　ジ・アーガイル・アオヤマ,35.6696082,139.7157907
510058,情報・システム・ソフト,ＣＭ．ｃｏｍ　Ｊａｐａｎ（株）,東京都渋谷区神宮前６－２８－９　東武ビル６階,35.6668835,139.7039614
510063,情報・システム・ソフト,Ｐａｌａｎｔｉｒ　Ｔｅｃｈｎｏｌｏｇｉｅｓ　Ｊａｐａｎ（株）,東京都渋谷区神宮前６－１２－１８　Ｉｃｅｂｅｒｇ６階,35.6663723,139.704278
510064,倉庫・物流関連,Ｃｒａｎｅ　Ｗｏｒｌｄｗｉｄｅ　Ｌｏｇｉｓｔｉｃｓ合同会社,東京都渋谷区恵比寿西２－４－８　ウィンド恵比寿ビル３階,35.6509943,139.7073867
510086,情報・システム・ソフト,Ｄｅｌａｃｏｎ　Ｊａｐａｎ（株）,東京都港区六本木７－２－２９　ＶＯＲＴ乃木坂Ｉ４階,35.6663659,139.726239
510090,情報・システム・ソフト,ｉＦＬＹＴＥＫ　ＪＡＰＡＮ　ＡＩ　ＳＯＬＵＴＩＯＮＳ（株）,東京都中央区京橋２－１２－９　ＡＣＮ京橋ビル７階,35.6757131,139.7714094
510091,他金融,オーケーコイン・ジャパン（株）,東京都港区虎ノ門１－２－１０　虎ノ門桜田通ビル５階,35.6692182,139.7483783
510092,電力・ガス,ＪＡソーラー・ジャパン（株）,東京都千代田区丸の内２－５－２　三菱ビル９階,35.6799108,139.7636102
510093,精密機器,オウガ・ジャパン（株）,東京都中央区日本橋箱崎町３６－２　Ｄａｉｗａリバーゲート北ウィング１０階,35.6806683,139.7887248
510095,情報・システム・ソフト,マップボックス・ジャパン合同会社,東京都港区虎ノ門１－１０－５　ＫＤＸ虎ノ門ビル１１階,35.668419,139.750634
510101,情報・システム・ソフト,Ｚｕｏｒａ　Ｊａｐａｎ（株）,東京都千代田区丸の内１－６－５　丸の内北口ビルディング９階,35.683938,139.7668852
510104,情報・システム・ソフト,Ｎｅｗ　Ｒｅｌｉｃ（株）,東京都港区赤坂９－７－１　ミッドタウンタワー１８階,35.6662186,139.7303961
510106,その他卸売,シュライヒジャパン（株）,東京都中央区日本橋蛎殻町１－１２－９　カモツル日本橋ビル８階,35.6841395,139.7822022
510109,情報・システム・ソフト,Ｓｑｕａｒｅ（株）,東京都港区六本木７－７－７,35.6649716,139.7291616
510118,専門店,ザボディショップジャパン（株）,東京都中央区日本橋堀留町１－９－１１　ＮＥＷＳ日本橋堀留町ビル４階,35.6878538,139.7805045
510122,化学,メルクエレクトロニクス（株）,東京都目黒区下目黒１－８－１　アルコタワー,35.6316957,139.7132982
510123,化学,メルク（株）,東京都目黒区下目黒１－８－１　アルコタワー５階,35.6316957,139.7132982
510129,医薬品卸売,シュルケ・ジャパン合同会社,東京都港区港南２－１６－１　品川イーストワンタワー７階,35.627763,139.7407736
510142,他サービス,Ｔａｓｔｅｍａｄｅ　Ｊａｐａｎ（株）,東京都渋谷区広尾５－１－３２　ＳＴ広尾２,35.6491468,139.7189983
510146,他金融,外為ファイネスト（株）,東京都千代田区丸の内２－２－２　丸の内三井ビルディング,35.6805822,139.7620932
510148,鉄鋼・金属卸売,（株）エイムス・アドバンストマテリアルス,東京都港区西新橋１－１８－６　クロスオフィス内幸町,35.6677834,139.7533903
510152,他サービス,アンビルグループ・ジャパン合同会社,東京都港区新橋１－１８－２　明宏ビル本館２階,35.6688501,139.7558243
510154,情報・システム・ソフト,ＲｅｔａｉｌＮｅｘｔ　Ｊａｐａｎ合同会社,東京都千代田区大手町１－６－１　大手町ビル１階　ＳＰＡＣＥＳ,35.6864055,139.7648086
510164,レジャー・娯楽,サンシティグループホールディングスジャパン（株）,東京都港区六本木１－６－１　泉ガーデンタワー２６階,35.664573,139.7395626
510166,広告,Ｈｙｐｅｂｅａｓｔ　Ｊａｐａｎ（株）,東京都渋谷区神宮前１－５－８　神宮前タワービル１４階,35.6706882,139.7066941
510167,情報・システム・ソフト,Ｄａｔａｂｒｉｃｋｓ　Ｊａｐａｎ（株）,東京都港区六本木１－４－５　アークヒルズ　サウスタワー１６階　ＷｅＷｏｒｋ内,35.6656056,139.7394165
510172,不動産,大信東京合同会社,東京都港区西新橋２－３９－３　ＳＶＡＸビル８階,35.6648278,139.7529496
510173,通信・放送,ＳＫ　ｔｅｌｅｃｏｍ　Ｊａｐａｎ（株）,東京都千代田区有楽町１－１－２　東京ミッドタウン日比谷３２階,35.6737436,139.7591762
510175,生命保険,チューリッヒ生命保険（株）,東京都中野区中野４－１０－２　中野セントラルパークサウス１６階,35.7068049,139.6613911
510176,化学,（株）アクシージア,東京都新宿区西新宿６－３－１,35.6937703,139.6935633
510178,電気機器,（株）ジャパンディスプレイ,東京都港区西新橋３－７－１,35.664597,139.7522921
510179,情報・システム・ソフト,クオンタムソリューションズ（株）,東京都千代田区九段北１－１０－９　九段ＶＩＧＡＳビル,35.6974385,139.7512728
510180,他サービス,オランジュ（株）,東京都新宿区津久戸町４－６　第三都ビル９階,35.7031358,139.7401102
510181,建設,（株）エルゴジャパンエナジー,東京都千代田区永田町１－１１－２８　合人社東京永田町ビル４階,35.6785717,139.7408934
510182,建設,ｉＡｃｃｅｓｓ　Ｅｎｅｒｇｙ　Ｊａｐａｎ（株）,東京都千代田区神田猿楽町１－５－１　豊島屋本店ビル６階,35.6978776,139.7600568
510183,情報・システム・ソフト,ＬＩＮＥ（株）,東京都新宿区四谷１－６－１　四谷タワー２３階,35.687574,139.7292197
510184,飲食・外食,（株）ビーケー・ジャパン,東京都千代田区一番町１６－１　共同ビル一番町３階,35.6882555,139.741615
520004,精密機器卸売,ＬｉｆｅＳｃａｎ　Ｊａｐａｎ（株）,東京都中央区日本橋室町３－４－４　ＯＶＯＬ日本橋ビル２階,35.688285,139.7734349
520012,海運,ＣＭＡ　ＣＧＭ　ＪＡＰＡＮ（株）,東京都品川区東品川２－２－２０　天王洲オーシャンスクエア１５階,35.6221232,139.7501399
520035,食料品卸売,ＣＪ　ＦＯＯＤＳ　ＪＡＰＡＮ（株）,東京都港区西新橋２－７－４　ＣＪビル９階,35.6667547,139.7538221
520042,情報・システム・ソフト,Ｉｎｓｉｄｅｒ　Ｊａｐａｎ（株）,東京都品川区西品川１－１－１　住友不動産大崎ガーデンタワー９階,35.6149384,139.731068
520043,情報・システム・ソフト,ＥＰＡＭ　Ｓｙｓｔｅｍｓ　Ｊａｐａｎ合同会社,東京都港区虎ノ門４－１－１　神谷町トラストタワーＷｅＷｏｒｋ２３階,35.6650161,139.7454071
520061,情報・システム・ソフト,（株）スペースタイムエンジニアリング,東京都千代田区神田佐久間町３－２７－３　ガーデンパークビル７階,35.6985462,139.778767
520085,機械卸売,レゴフィックスジャパン（株）,東京都中野区中野４－１－１　中野サンプラザ９階,35.7075783,139.6647405
520086,機械卸売,Ｍａｙｒ　Ｊａｐａｎ合同会社,東京都中央区日本橋蛎殻町１－１－９　ヒガノ日本橋ビル２階,35.6807384,139.7836302
520090,食料品,（株）ホテルショコラ,東京都渋谷区渋谷２－２４－１２　渋谷スクランブルスクエア３９階,35.6584638,139.7022621
520092,電気機器,セルインパクト・ジャパン（株）,東京都港区虎ノ門１－１７－１　ヒルズビジネスタワー１５階,35.6679904,139.7500876
520094,情報・システム・ソフト,パーコペディアジャパン（株）,東京都港区港南１－９－３６　アレア品川１３階,35.6300683,139.7413325
520107,医薬品,アリナミン製薬（株）,東京都千代田区丸の内１－８－２　鉄鋼ビルディング２３階,35.6831305,139.7702398
520139,精密機器卸売,ＩｎｆｅｒＶｉｓｉｏｎ（株）,東京都千代田区九段南３－４－５　ビラ・アペックス市ヶ谷６０１,35.6919976,139.7414184
520142,海運,ダイエイシッピング（株）,東京都中央区八丁堀２－２０－１　藤和八丁堀ビル５階,35.6758764,139.7768897
520143,他サービス,クアルトリクス合同会社,東京都千代田区丸の内１－５－１　新丸の内ビルディング３７階,35.6826212,139.7642436
520147,電気機器,ＰＨＣホールディングス（株）,東京都港区西新橋２－３８－５,35.6650463,139.7524359
520154,農林水産,Ｉｎｆａｒｍ－Ｉｎｄｏｏｒ　Ｕｒｂａｎ　Ｆａｒｍｉｎｇ　Ｊａｐａｎ（株）,東京都渋谷区渋谷２－２４－１２　渋谷スクランブルスクエア３９階,35.6584638,139.7022621
520164,他サービス,原本（株）,東京都千代田区麹町１－４－４　ゼニタカアネックス２階,35.684422,139.7434082
520166,証券,ＨＳＢＣ証券（株）,東京都中央区日本橋３－１１－１　ＨＳＢＣビルディング,35.6790846,139.7737521
520167,情報・システム・ソフト,Ａｐｐｉｅｒ　Ｇｒｏｕｐ（株）,東京都港区愛宕２－５－１,35.6621409,139.7488929
520168,不動産,（株）アスコット・アセット・コンサルティング,東京都渋谷区神宮前３－１－３０　Ｄａｉｗａ青山ビル５階,35.6695701,139.7147134
520169,情報・システム・ソフト,モビルス（株）,東京都品川区西五反田３－１１－６　サンウエスト山手ビル,35.6270733,139.7153518
520170,不動産,グローム・ホールディングス（株）,東京都港区赤坂１－１２－３２　アーク森ビル,35.6671134,139.740135
520171,投資業等,アジア開発キャピタル（株）,東京都中央区勝どき１－１３－１　イヌイビル・カチドキ,35.6607192,139.7751922
520172,コンサルティング,ＡＴＯＭＯＳデザイン（株）,東京都品川区西五反田７－８－１１　ＰＲＥＳＴＩＧＥ五反田４階,35.6237004,139.7197101
520173,ホテル,Ｗｏｒｌｄ　Ｈｏｔｅｌｓ　ＧｍｂＨ（日本支社）,東京都港区海岸１－２－２０　汐留ビルディング３階,35.6568217,139.759378
520174,輸送機器,ＰＩＡＡ（株）,東京都文京区水道１－１２－１５　白鳥橋三笠ビル,35.7082367,139.7444062
520175,電気機器,Ｄｙｎａｂｏｏｋ（株）,東京都江東区豊洲５－６－１５　ＮＢＦ豊洲ガーデンフロント,35.6505456,139.7976429
520176,ホテル,（株）アゴーラホスピタリティーズ,東京都港区虎ノ門５－２－６　虎ノ門第２ワイコービル７階,35.6629006,139.7445659
520177,情報・システム・ソフト,Ｃｏｈｅｓｉｔｙ　Ｊａｐａｎ（株）,東京都千代田区大手町１－６－１　大手町ビル４階,35.6864055,139.7648086
520178,食料品卸売,（株）ＭＣアグリアライアンス,東京都千代田区大手町１－３－７,35.6887675,139.7622666
520179,他製造業,インターフェイス・アジアパシフィック・ホンコン・リミテッド,東京都港区虎ノ門５－１－４　東都ビル６階,35.6638588,139.745524
